Date,Price,Open,High,Low,Change %,Lag_1,Lag_2,Lag_3,MA_5,MA_10,MA_20,Volatility_5,Target
2000-10-01,0.8685,0.8797,0.8887,0.871,0.89,0.8839,0.8761,0.8536,0.87592,0.89223,0.916385,0.017511624710459986,0.8563
2000-10-08,0.8563,0.8843,0.8861,0.8662,-1.74,0.8685,0.8839,0.8761,0.86966,0.88674,0.91494,0.0113522244516214,0.8421
2000-10-15,0.8421,0.8693,0.8768,0.853,-1.4,0.8563,0.8685,0.8839,0.86768,0.88156,0.911195,0.012868644062215356,0.8396
2000-10-22,0.8396,0.8548,0.8578,0.8326,-1.66,0.8421,0.8563,0.8685,0.86538,0.8755200000000001,0.9059750000000001,0.01652307477438721,0.8667
2000-10-29,0.8667,0.8414,0.8443,0.8227,-0.3,0.8396,0.8421,0.8563,0.85808,0.86883,0.9002950000000001,0.018542437811679177,0.8604
2000-11-05,0.8604,0.8411,0.88,0.8381,3.23,0.8667,0.8396,0.8421,0.8546400000000001,0.8652799999999999,0.8953899999999999,0.013451319637864133,0.8489
2000-11-12,0.8489,0.8668,0.8732,0.8516,-0.73,0.8604,0.8667,0.8396,0.8530200000000001,0.86134,0.89161,0.011744232627123367,0.8386
2000-11-19,0.8386,0.8621,0.8666,0.8474,-1.34,0.8489,0.8604,0.8667,0.85154,0.85961,0.886425,0.011693716261308407,0.8787
2000-11-26,0.8787,0.8496,0.8537,0.8372,-1.21,0.8386,0.8489,0.8604,0.85084,0.8581099999999999,0.880935,0.01247850151260112,0.8863
2000-12-03,0.8863,0.8392,0.8797,0.8384,4.78,0.8787,0.8386,0.8489,0.8586600000000001,0.8583700000000001,0.877955,0.015547765112709609,0.8956
2000-12-10,0.8956,0.8788,0.8978,0.8757,0.86,0.8863,0.8787,0.8386,0.86258,0.85861,0.8754200000000001,0.01993381549026655,0.9244
2000-12-17,0.9244,0.8825,0.9003,0.8716,1.05,0.8956,0.8863,0.8787,0.86962,0.8613200000000001,0.87403,0.02463324988709348,0.9424
2000-12-24,0.9424,0.8944,0.9265,0.8881,3.22,0.9244,0.8956,0.8863,0.8847200000000001,0.8681300000000001,0.874845,0.03105908884690588,0.958
2000-12-31,0.958,0.9237,0.9427,0.9197,1.95,0.9424,0.9244,0.8956,0.9054800000000001,0.8781599999999999,0.8768400000000002,0.0269430324945058,0.952
2001-01-07,0.952,0.9425,0.9597,0.9262,1.66,0.958,0.9424,0.9244,0.92134,0.89,0.8794150000000001,0.030361126461315575,0.934
2001-01-14,0.934,0.9578,0.9596,0.9364,-0.63,0.952,0.958,0.9424,0.93448,0.89853,0.881905,0.025179992057186948,0.9242
2001-01-21,0.9242,0.9521,0.9533,0.929,-1.89,0.934,0.952,0.958,0.94216,0.90589,0.883615,0.013507331342644901,0.9364
2001-01-28,0.9364,0.9343,0.9453,0.9113,-1.05,0.9242,0.934,0.952,0.9421199999999998,0.91342,0.8865150000000002,0.013573208905781892,0.9247
2001-02-04,0.9247,0.9246,0.9448,0.9145,1.32,0.9364,0.9242,0.934,0.94092,0.9231999999999999,0.8906550000000001,0.013805506147910578,0.9131
2001-02-11,0.9131,0.9345,0.9445,0.9125,-1.25,0.9247,0.9364,0.9242,0.9342599999999999,0.9277999999999998,0.8930849999999999,0.011313178156468545,0.9176
2001-02-18,0.9176,0.9254,0.9334,0.9026,-1.25,0.9131,0.9247,0.9364,0.92648,0.9304799999999999,0.8945449999999999,0.009251324229535852,0.9347
2001-02-25,0.9347,0.9134,0.9243,0.9017,0.49,0.9176,0.9131,0.9247,0.9231999999999999,0.9326799999999998,0.8969999999999999,0.008815611152948892,0.9329
2001-03-04,0.9329,0.9173,0.9383,0.9079,1.86,0.9347,0.9176,0.9131,0.9253,0.9337100000000002,0.9009200000000002,0.010247682664875832,0.8976
2001-03-11,0.8976,0.9365,0.9377,0.9252,-0.19,0.9329,0.9347,0.9176,0.9246000000000001,0.93276,0.90546,0.009382963284591731,0.89
2001-03-18,0.89,0.9327,0.9345,0.8915,-3.78,0.8976,0.9329,0.9347,0.9191799999999999,0.9267199999999999,0.9083599999999998,0.01528289893966442,0.8778
2001-03-25,0.8778,0.8975,0.9127,0.8829,-0.85,0.89,0.8976,0.9329,0.91456,0.92052,0.909525,0.020261120403373422,0.9042
2001-04-01,0.9042,0.8913,0.8995,0.8752,-1.37,0.8778,0.89,0.8976,0.9066000000000001,0.9149,0.910395,0.02582295490450296,0.8882
2001-04-08,0.8882,0.8745,0.9094,0.8744,3.01,0.9042,0.8778,0.89,0.9004999999999999,0.9128999999999999,0.9131599999999999,0.02059975728012332,0.9022
2001-04-15,0.9022,0.9028,0.9049,0.8807,-1.77,0.8882,0.9042,0.8778,0.8915599999999999,0.90808,0.91564,0.009991396298815998,0.8922
2001-04-22,0.8922,0.8887,0.9049,0.8696,1.58,0.9022,0.8882,0.9042,0.8924799999999999,0.9058300000000001,0.916815,0.010860570887388657,0.8927
2001-04-29,0.8927,0.9017,0.9084,0.8886,-1.11,0.8922,0.9022,0.8882,0.8929199999999999,0.90374,0.9171099999999999,0.010779239305256844,0.8753
2001-05-06,0.8753,0.8919,0.901,0.8852,0.06,0.8927,0.8922,0.9022,0.8958999999999999,0.9012500000000001,0.916965,0.006924593850905178,0.8814
2001-05-13,0.8814,0.8928,0.8936,0.8733,-1.95,0.8753,0.8927,0.8922,0.8901199999999999,0.8953099999999999,0.9145100000000002,0.009749717944637925,0.8612
2001-05-20,0.8612,0.8756,0.8882,0.8723,0.7,0.8814,0.8753,0.8927,0.8887599999999999,0.8901599999999998,0.9114599999999999,0.010527725300367358,0.8477
2001-05-27,0.8477,0.88,0.882,0.8501,-2.29,0.8612,0.8814,0.8753,0.88056,0.88652,0.90662,0.013096297186609469,0.8508
2001-06-03,0.8508,0.8602,0.8614,0.843,-1.57,0.8477,0.8612,0.8814,0.87166,0.88229,0.9014049999999999,0.017566246041769863,0.8615
2001-06-10,0.8615,0.8462,0.8572,0.8419,0.37,0.8508,0.8477,0.8612,0.8632799999999999,0.87959,0.8972450000000001,0.014795506074480658,0.8573
2001-06-17,0.8573,0.8498,0.8677,0.8412,1.26,0.8615,0.8508,0.8477,0.86052,0.87532,0.8941099999999998,0.013193066360781854,0.85
2001-06-24,0.85,0.8632,0.8647,0.8494,-0.49,0.8573,0.8615,0.8508,0.8557,0.8722300000000001,0.890155,0.006214096877261703,0.8475
2001-07-01,0.8475,0.8568,0.8662,0.843,-0.85,0.85,0.8573,0.8615,0.8534600000000001,0.86701,0.88642,0.005736113666934544,0.8549
2001-07-08,0.8549,0.8507,0.851,0.8347,-0.29,0.8475,0.85,0.8573,0.8534200000000001,0.8625399999999999,0.88314,0.0057867953134695645,0.8711
2001-07-15,0.8711,0.8467,0.8646,0.8439,0.87,0.8549,0.8475,0.85,0.8542400000000001,0.85876,0.880005,0.005610525822059234,0.8777
2001-07-22,0.8777,0.8541,0.8791,0.8488,1.89,0.8711,0.8549,0.8475,0.85616,0.8583399999999999,0.8768249999999999,0.009206410809864694,0.8844
2001-07-29,0.8844,0.8705,0.8825,0.865,0.76,0.8777,0.8711,0.8549,0.8602399999999999,0.8579699999999999,0.8740649999999999,0.013402164004368626,0.8933
2001-08-05,0.8933,0.8761,0.8878,0.872,0.76,0.8844,0.8777,0.8711,0.8671200000000001,0.86029,0.873405,0.015497161030330473,0.9182
2001-08-12,0.9182,0.8832,0.8962,0.8735,1.01,0.8933,0.8844,0.8777,0.8762800000000001,0.86485,0.87357,0.014504895725236803,0.915
2001-08-19,0.915,0.8932,0.9204,0.8921,2.79,0.9182,0.8933,0.8844,0.8889400000000001,0.8715900000000001,0.8755900000000001,0.018305545607820346,0.9124
2001-08-26,0.9124,0.9178,0.9242,0.9073,-0.35,0.915,0.9182,0.8933,0.89772,0.87694,0.8761300000000001,0.018136896096079654,0.9074
2001-09-02,0.9074,0.9133,0.92,0.9026,-0.28,0.9124,0.915,0.9182,0.90466,0.8824500000000001,0.87734,0.014913684990638236,0.9208
2001-09-09,0.9208,0.9101,0.9106,0.8823,-0.55,0.9074,0.9124,0.915,0.9092600000000001,0.88819,0.8775999999999999,0.009758483488738735,0.9149
2001-09-16,0.9149,0.9062,0.925,0.8949,1.48,0.9208,0.9074,0.9124,0.91476,0.89552,0.87903,0.005198846025800817,0.9117
2001-09-23,0.9117,0.9235,0.9335,0.9084,-0.64,0.9149,0.9208,0.9074,0.9141,0.90152,0.8801399999999999,0.004850773134252431,0.9185
2001-09-30,0.9185,0.9136,0.9252,0.9082,-0.35,0.9117,0.9149,0.9208,0.9134399999999999,0.9055800000000002,0.88196,0.004921686702745862,0.9116
2001-10-07,0.9116,0.9103,0.9237,0.9059,0.75,0.9185,0.9117,0.9149,0.9146599999999999,0.90966,0.883815,0.005337883475684437,0.8992
2001-10-14,0.8992,0.9183,0.9246,0.8986,-0.75,0.9116,0.9185,0.9117,0.9155,0.9123800000000001,0.8863350000000001,0.004095729483252604,0.8932
2001-10-21,0.8932,0.9117,0.9139,0.8964,-1.36,0.8992,0.9116,0.9185,0.9111800000000001,0.91297,0.8889099999999999,0.00726959421150769,0.9023
2001-10-28,0.9023,0.8983,0.9004,0.8867,-0.67,0.8932,0.8992,0.9116,0.9068400000000001,0.9104699999999999,0.89103,0.010327778076623599,0.8942
2001-11-04,0.8942,0.8927,0.9123,0.8922,1.02,0.9023,0.8932,0.8992,0.90496,0.9091999999999999,0.89307,0.010074373429647506,0.8842
2001-11-11,0.8842,0.9019,0.9049,0.8886,-0.9,0.8942,0.9023,0.8932,0.9000999999999999,0.9073799999999999,0.8949149999999999,0.00742159012611105,0.8781
2001-11-18,0.8781,0.8948,0.9018,0.877,-1.12,0.8842,0.8942,0.9023,0.89462,0.90506,0.896625,0.006905215420245116,0.8965
2001-11-25,0.8965,0.8842,0.8853,0.8735,-0.69,0.8781,0.8842,0.8942,0.8904,0.90079,0.898155,0.009402393312342978,0.8896
2001-12-02,0.8896,0.8771,0.8984,0.8768,2.1,0.8965,0.8781,0.8842,0.8910600000000001,0.8989500000000001,0.900235,0.009757202467920386,0.9028
2001-12-09,0.9028,0.896,0.8972,0.8846,-0.77,0.8896,0.8965,0.8781,0.88852,0.89674,0.9011600000000002,0.007489125449609732,0.888
2001-12-16,0.888,0.8902,0.9058,0.8842,1.48,0.9028,0.8896,0.8965,0.89024,0.8951699999999999,0.9024150000000001,0.009762325542614933,0.8836
2001-12-23,0.8836,0.9036,0.9084,0.8856,-1.64,0.888,0.9028,0.8896,0.891,0.8928099999999999,0.902595,0.009312088917100803,0.895
2001-12-30,0.895,0.8882,0.891,0.8739,-0.5,0.8836,0.888,0.9028,0.8920999999999999,0.8912500000000001,0.9021100000000001,0.0075690157880659035,0.8926
2002-01-06,0.8926,0.884,0.9068,0.8824,1.29,0.895,0.8836,0.888,0.8918000000000001,0.8914300000000001,0.9009499999999999,0.007378346698278083,0.8843
2002-01-13,0.8843,0.8952,0.8999,0.8864,-0.27,0.8926,0.895,0.8836,0.8924,0.89046,0.89983,0.007275987905431865,0.8661
2002-01-20,0.8661,0.8943,0.8955,0.8786,-0.93,0.8843,0.8926,0.895,0.8887,0.88947,0.8984249999999999,0.005018964036531081,0.8621
2002-01-27,0.8621,0.8836,0.8892,0.8627,-2.06,0.8661,0.8843,0.8926,0.88432,0.88766,0.8963599999999999,0.011347995417693558,0.8735
2002-02-03,0.8735,0.8651,0.8677,0.8562,-0.46,0.8621,0.8661,0.8843,0.88002,0.88606,0.8934249999999999,0.015131655560446605,0.8734
2002-02-10,0.8734,0.8619,0.8756,0.8602,1.32,0.8735,0.8621,0.8661,0.87572,0.88376,0.8913550000000001,0.012664201514505157,0.8757
2002-02-17,0.8757,0.8704,0.8803,0.8677,-0.01,0.8734,0.8735,0.8621,0.87188,0.88214,0.8894399999999999,0.008488933973120278,0.8649
2002-02-24,0.8649,0.8733,0.8786,0.866,0.26,0.8757,0.8734,0.8735,0.87016,0.8794299999999999,0.8873,0.005783424591018362,0.8739
2002-03-03,0.8739,0.8752,0.8758,0.8614,-1.23,0.8649,0.8757,0.8734,0.8699199999999999,0.87712,0.8849649999999999,0.006014316253739555,0.8824
2002-03-10,0.8824,0.8648,0.8841,0.8629,1.04,0.8739,0.8649,0.8757,0.8722799999999999,0.87615,0.8837000000000002,0.0042287113876447084,0.877
2002-03-17,0.877,0.8737,0.8872,0.8703,0.97,0.8824,0.8739,0.8649,0.8740600000000001,0.87489,0.88316,0.006257235811442305,0.8718
2002-03-24,0.8718,0.8816,0.8861,0.8742,-0.61,0.877,0.8824,0.8739,0.87478,0.8733299999999999,0.8818950000000001,0.006368437799020743,0.879
2002-03-31,0.879,0.8765,0.88,0.8698,-0.59,0.8718,0.877,0.8824,0.874,0.8720800000000001,0.8807750000000001,0.006465678618675374,0.8802
2002-04-07,0.8802,0.8711,0.886,0.8711,0.83,0.879,0.8718,0.877,0.87682,0.8733700000000001,0.8805149999999999,0.0041727688649141,0.8922
2002-04-14,0.8922,0.8793,0.885,0.8732,0.14,0.8802,0.879,0.8718,0.87808,0.87518,0.8806200000000001,0.004018955088079072,0.9018
2002-04-21,0.9018,0.8794,0.8925,0.8784,1.36,0.8922,0.8802,0.879,0.8800399999999999,0.87705,0.880405,0.007518510490781834,0.9173
2002-04-28,0.9173,0.8896,0.9023,0.8856,1.08,0.9018,0.8922,0.8802,0.885,0.87989,0.881015,0.011909659944767387,0.914
2002-05-05,0.914,0.9014,0.9177,0.8988,1.72,0.9173,0.9018,0.8922,0.8941000000000001,0.88405,0.88174,0.015987182365882896,0.9205
2002-05-12,0.9205,0.9163,0.9192,0.9031,-0.36,0.914,0.9173,0.9018,0.9011000000000001,0.88896,0.88304,0.015373353570382662,0.9203
2002-05-19,0.9203,0.9134,0.9221,0.8991,0.71,0.9205,0.914,0.9173,0.90916,0.89362,0.884885,0.011833131453676848,0.9339
2002-05-26,0.9339,0.9208,0.9285,0.9161,-0.02,0.9203,0.9205,0.914,0.91478,0.89741,0.88615,0.007723794404306425,0.9438
2002-06-02,0.9438,0.9211,0.9421,0.9185,1.48,0.9339,0.9203,0.9205,0.9212,0.9031,0.888215,0.007576938695805479,0.9461
2002-06-09,0.9461,0.933,0.9495,0.9303,1.06,0.9438,0.9339,0.9203,0.9265000000000001,0.9103,0.8911899999999999,0.012090698904529646,0.9708
2002-06-16,0.9708,0.9433,0.9528,0.939,0.24,0.9461,0.9438,0.9339,0.93292,0.91701,0.89519,0.012314300629755456,0.9918
2002-06-23,0.9918,0.9438,0.9724,0.9408,2.61,0.9708,0.9461,0.9438,0.94298,0.92607,0.900625,0.018582168872335523,0.9723
2002-06-30,0.9723,0.9698,0.9992,0.9658,2.16,0.9918,0.9708,0.9461,0.9572799999999999,0.93603,0.9065399999999999,0.023599512706833487,0.9911
2002-07-07,0.9911,0.9916,0.9982,0.9716,-1.97,0.9723,0.9918,0.9708,0.9649599999999999,0.9430799999999999,0.9114850000000001,0.02007368924737041,1.0116
2002-07-14,1.0116,0.9747,0.9971,0.9739,1.93,0.9911,0.9723,0.9918,0.97442,0.95046,0.9172549999999999,0.018707672222914126,0.9859
2002-07-21,0.9859,0.9914,1.0212,0.9912,2.07,1.0116,0.9911,0.9723,0.98752,0.96022,0.92459,0.01674953730704203,0.9871
2002-07-28,0.9871,1.0119,1.0137,0.985,-2.54,0.9859,1.0116,0.9911,0.99054,0.9667600000000001,0.93019,0.01413905937465404,0.9699
2002-08-04,0.9699,0.9875,0.9923,0.9726,0.12,0.9871,0.9859,1.0116,0.9896,0.9734400000000001,0.9354250000000001,0.014190489773083667,0.9844
2002-08-11,0.9844,0.9875,0.9882,0.9624,-1.74,0.9699,0.9871,0.9859,0.9891200000000001,0.97704,0.9400700000000001,0.014942623598283978,0.9725
2002-08-18,0.9725,0.9704,0.9898,0.9689,1.49,0.9844,0.9699,0.9871,0.9877800000000001,0.9811,0.9456999999999999,0.01502088545991857,0.982
2002-08-25,0.982,0.9849,0.9874,0.9666,-1.21,0.9725,0.9844,0.9699,0.9799599999999999,0.9837400000000001,0.950375,0.008106047125448483,0.9811
2002-09-01,0.9811,0.972,0.9889,0.968,0.98,0.982,0.9725,0.9844,0.97918,0.98486,0.9554649999999999,0.00756088619144552,0.9713
2002-09-08,0.9713,0.9818,0.9996,0.9798,-0.09,0.9811,0.982,0.9725,0.97798,0.9837900000000002,0.95991,0.006372362199372492,0.9824
2002-09-15,0.9824,0.9818,0.9844,0.9699,-1.0,0.9713,0.9811,0.982,0.97826,0.98369,0.9633849999999999,0.005944997897391663,0.9808
2002-09-22,0.9808,0.9703,0.9878,0.9604,1.14,0.9824,0.9713,0.9811,0.9778600000000001,0.98282,0.9666400000000002,0.005477499429483422,0.9794
2002-09-29,0.9794,0.9808,0.9861,0.9727,-0.16,0.9808,0.9824,0.9713,0.9795200000000002,0.9797400000000002,0.96998,0.004640797345283574,0.9876
2002-10-06,0.9876,0.9813,0.9914,0.9782,-0.14,0.9794,0.9808,0.9824,0.9789999999999999,0.97909,0.972925,0.004434523649727351,0.9719
2002-10-13,0.9719,0.9792,0.9931,0.9766,0.84,0.9876,0.9794,0.9808,0.9803000000000001,0.9791399999999999,0.9762900000000002,0.005911006682451912,0.9758
2002-10-20,0.9758,0.9878,0.9893,0.9696,-1.59,0.9719,0.9876,0.9794,0.98042,0.97934,0.97819,0.005684364520330439,0.9969
2002-10-27,0.9969,0.9719,0.9803,0.9687,0.4,0.9758,0.9719,0.9876,0.9791000000000001,0.97848,0.97979,0.005872818744009696,1.013
2002-11-03,1.013,0.9765,1.0006,0.9724,2.16,0.9969,0.9758,0.9719,0.98232,0.98092,0.9823299999999999,0.010000849963877626,1.0095
2002-11-10,1.0095,0.9961,1.0151,0.9927,1.62,1.013,0.9969,0.9758,0.9890399999999999,0.9840200000000001,0.98444,0.016635894926332908,0.997
2002-11-17,0.997,1.0126,1.0175,1.0011,-0.35,1.0095,1.013,0.9969,0.9934200000000001,0.9868599999999998,0.9853250000000001,0.018891982426415415,0.9946
2002-11-24,0.9946,1.0093,1.0147,0.9961,-1.24,0.997,1.0095,1.013,0.9984400000000001,0.9894299999999999,0.9865600000000001,0.014588797071725536,1.0099
2002-12-01,1.0099,0.9968,0.9972,0.9873,-0.24,0.9946,0.997,1.0095,1.0021999999999998,0.9906499999999999,0.986735,0.008408626522803015,1.0234
2002-12-08,1.0234,0.9945,1.0131,0.9857,1.54,1.0099,0.9946,0.997,1.0048,0.9935599999999999,0.98665,0.00836988649863218,1.0269
2002-12-15,1.0269,1.0099,1.0261,1.0057,1.34,1.0234,1.0099,0.9946,1.00688,0.99796,0.9885249999999999,0.011589952545199884,1.0438
2002-12-22,1.0438,1.0237,1.0335,1.0191,0.34,1.0269,1.0234,1.0099,1.01036,1.00189,0.990515,0.014753745287213798,1.0423
2002-12-29,1.0423,1.0274,1.0445,1.0216,1.65,1.0438,1.0269,1.0234,1.01972,1.00908,0.99421,0.018522877746181332,1.0576
2003-01-05,1.0576,1.0427,1.0505,1.0334,-0.14,1.0423,1.0438,1.0269,1.02926,1.01573,0.997105,0.014108259991932928,1.0669
2003-01-12,1.0669,1.0416,1.0587,1.0359,1.47,1.0576,1.0423,1.0438,1.0388,1.0218,1.00136,0.013869571009947212,1.0821
2003-01-19,1.0821,1.0579,1.068,1.0501,0.88,1.0669,1.0576,1.0423,1.0474999999999999,1.02719,1.005605,0.015357896991449061,1.0769
2003-01-26,1.0769,1.0655,1.0857,1.0629,1.42,1.0821,1.0669,1.0576,1.05854,1.03445,1.010655,0.01663469266322503,1.0825
2003-02-02,1.0825,1.0838,1.0909,1.0722,-0.48,1.0769,1.0821,1.0669,1.06516,1.04244,1.015935,0.015870979805920934,1.0791
2003-02-09,1.0791,1.0787,1.0941,1.0692,0.52,1.0825,1.0769,1.0821,1.0732,1.0512299999999999,1.02094,0.010752209075345843,1.0768
2003-02-16,1.0768,1.0817,1.086,1.0663,-0.31,1.0791,1.0825,1.0769,1.0775,1.05815,1.025855,0.006352952069703574,1.0798
2003-02-23,1.0798,1.0764,1.085,1.0667,-0.21,1.0768,1.0791,1.0825,1.07948,1.06349,1.030725,0.0027371518043307606,1.1008
2003-03-02,1.1008,1.0727,1.084,1.0708,0.28,1.0798,1.0768,1.0791,1.0790199999999999,1.06878,1.035335,0.002353083083945631,1.0741
2003-03-09,1.0741,1.0777,1.1069,1.0768,1.94,1.1008,1.0798,1.0768,1.0837999999999999,1.0744799999999999,1.04178,0.009718281741128564,1.0534
2003-03-16,1.0534,1.1008,1.1086,1.069,-2.43,1.0741,1.1008,1.0798,1.0821200000000002,1.07766,1.0466950000000002,0.010677874320292014,1.0782
2003-03-23,1.0782,1.0772,1.0847,1.0501,-1.93,1.0534,1.0741,1.1008,1.07698,1.07724,1.04952,0.016879632697424082,1.073
2003-03-30,1.073,1.0607,1.0804,1.0567,2.35,1.0782,1.0534,1.0741,1.07726,1.07837,1.0527799999999998,0.016887510177641597,1.0747
2003-04-06,1.0747,1.0796,1.0953,1.0684,-0.48,1.073,1.0782,1.0534,1.0758999999999999,1.07746,1.055955,0.016905620367201765,1.0874
2003-04-13,1.0874,1.0667,1.0833,1.056,0.16,1.0747,1.073,1.0782,1.0706799999999999,1.0772400000000002,1.05984,0.009853781000202008,1.1034
2003-04-20,1.1034,1.0748,1.0966,1.0715,1.18,1.0874,1.0747,1.073,1.07334,1.07773,1.06448,0.012458651612431548,1.1231
2003-04-27,1.1231,1.0896,1.1054,1.0822,1.47,1.1034,1.0874,1.0747,1.08334,1.08016,1.0691549999999999,0.012518706003415326,1.1487
2003-05-04,1.1487,1.1037,1.129,1.0933,1.79,1.1231,1.1034,1.0874,1.09232,1.08479,1.07414,0.02108380895379087,1.1592
2003-05-11,1.1592,1.1228,1.1538,1.1205,2.28,1.1487,1.1231,1.1034,1.10746,1.0916799999999998,1.0802299999999998,0.02931489382549363,1.1838
2003-05-18,1.1838,1.1532,1.1626,1.137,0.91,1.1592,1.1487,1.1231,1.12436,1.0975199999999998,1.0859999999999999,0.03005499958409548,1.1787
2003-05-25,1.1787,1.1673,1.184,1.1613,2.12,1.1838,1.1592,1.1487,1.14364,1.1084900000000002,1.093075,0.03131170707578872,1.17
2003-06-01,1.17,1.1835,1.1935,1.1693,-0.43,1.1787,1.1838,1.1592,1.1587,1.1210200000000001,1.0991300000000002,0.024482749028653057,1.1863
2003-06-08,1.1863,1.1714,1.1891,1.1628,-0.74,1.17,1.1787,1.1838,1.16808,1.1301999999999999,1.104285,0.014300594393241871,1.161
2003-06-15,1.161,1.1713,1.188,1.1659,1.39,1.1863,1.17,1.1787,1.1756,1.14153,1.109495,0.011086703748185489,1.1437
2003-06-22,1.1437,1.1876,1.1933,1.1552,-2.13,1.161,1.1863,1.17,1.17596,1.15016,1.1137000000000001,0.010430867653269837,1.1493
2003-06-29,1.1493,1.1578,1.1626,1.14,-1.49,1.1437,1.161,1.1863,1.16794,1.15579,1.1167599999999998,0.016529156058311734,1.1288
2003-07-06,1.1288,1.143,1.1613,1.1398,0.49,1.1493,1.1437,1.161,1.1620599999999999,1.16038,1.12027,0.016967999292786907,1.127
2003-07-13,1.127,1.1479,1.1484,1.1256,-1.78,1.1288,1.1493,1.1437,1.15382,1.1609500000000001,1.12287,0.021536875353681397,1.1512
2003-07-20,1.1512,1.129,1.134,1.1113,-0.16,1.127,1.1288,1.1493,1.1419599999999999,1.15878,1.12523,0.014286462123282983,1.1274
2003-07-27,1.1274,1.125,1.1553,1.1245,2.15,1.1512,1.127,1.1288,1.1400000000000001,1.15798,1.12775,0.011402412025532013,1.1308
2003-08-03,1.1308,1.1494,1.1542,1.1133,-2.07,1.1274,1.1512,1.127,1.13674,1.1523400000000001,1.130415,0.012369236031380224,1.1259
2003-08-10,1.1259,1.1277,1.1429,1.126,0.3,1.1308,1.1274,1.1512,1.13304,1.14755,1.134285,0.010260019493158445,1.0887
2003-08-17,1.0887,1.1307,1.1384,1.1218,-0.43,1.1259,1.1308,1.1274,1.13246,1.14314,1.13667,0.010634754346010586,1.098
2003-08-24,1.098,1.1262,1.1271,1.0836,-3.3,1.0887,1.1259,1.1308,1.1248,1.13338,1.1374549999999999,0.022606083252080234,1.1107
2003-08-31,1.1107,1.0871,1.1003,1.0792,0.85,1.098,1.0887,1.1259,1.11416,1.1270799999999999,1.13862,0.019360862584088808,1.1291
2003-09-07,1.1291,1.0987,1.114,1.0762,1.16,1.1107,1.098,1.0887,1.11082,1.12378,1.139785,0.0178904164289143,1.1381
2003-09-14,1.1381,1.1098,1.1327,1.1048,1.66,1.1291,1.1107,1.098,1.11048,1.12176,1.14107,0.01742590026368698,1.1474
2003-09-21,1.1474,1.1271,1.1384,1.1137,0.8,1.1381,1.1291,1.1107,1.11292,1.12269,1.14182,0.020675879666896123,1.1579
2003-09-28,1.1579,1.1448,1.1538,1.1414,0.82,1.1474,1.1381,1.1291,1.12466,1.12473,1.1417549999999999,0.0201438079816102,1.1799
2003-10-05,1.1799,1.146,1.177,1.1394,0.92,1.1579,1.1474,1.1381,1.1366399999999999,1.1254,1.14169,0.018025204575815378,1.1684
2003-10-12,1.1684,1.1574,1.1863,1.1533,1.9,1.1799,1.1579,1.1474,1.15048,1.13065,1.141495,0.01962427068708566,1.1783
2003-10-19,1.1783,1.181,1.1816,1.1549,-0.97,1.1684,1.1799,1.1579,1.15834,1.13441,1.1409799999999999,0.01654971298844845,1.1584
2003-10-26,1.1584,1.1712,1.186,1.1604,0.85,1.1783,1.1684,1.1799,1.16638,1.13965,1.141395,0.013794092938646885,1.1535
2003-11-02,1.1535,1.1775,1.1786,1.1563,-1.69,1.1584,1.1783,1.1684,1.16858,1.14662,1.1400000000000001,0.010492235224204135,1.178
2003-11-09,1.178,1.1581,1.1621,1.1377,-0.42,1.1535,1.1584,1.1783,1.1677,1.15217,1.139625,0.011724120436093673,1.1913
2003-11-16,1.1913,1.1506,1.1804,1.1444,2.12,1.178,1.1535,1.1584,1.1673200000000001,1.1589,1.14134,0.011251088836198441,1.1994
2003-11-23,1.1994,1.1787,1.198,1.1726,1.13,1.1913,1.178,1.1535,1.1719000000000002,1.1651200000000002,1.14344,0.015615216937334954,1.2164
2003-11-30,1.2164,1.191,1.2017,1.1753,0.68,1.1994,1.1913,1.178,1.17612,1.17125,1.14697,0.020009922538581578,1.2288
2003-12-07,1.2288,1.1977,1.218,1.1937,1.42,1.2164,1.1994,1.1913,1.1877199999999999,1.17815,1.15144,0.02364988372064521,1.2375
2003-12-14,1.2375,1.2173,1.2308,1.2112,1.02,1.2288,1.2164,1.1994,1.2027800000000002,1.1852399999999998,1.1553200000000001,0.02012341919257359,1.243
2003-12-21,1.243,1.2141,1.244,1.213,0.71,1.2375,1.2288,1.2164,1.21468,1.191,1.160825,0.01938548426013754,1.2587
2003-12-28,1.2587,1.2404,1.2474,1.235,0.44,1.243,1.2375,1.2288,1.22502,1.19846,1.1664349999999999,0.017492912850638778,1.2831
2004-01-04,1.2831,1.2434,1.2649,1.2425,1.26,1.2587,1.243,1.2375,1.23688,1.2065,1.173075,0.01580085440727947,1.2387
2004-01-11,1.2387,1.2585,1.2871,1.2561,1.94,1.2831,1.2587,1.243,1.2502199999999999,1.21897,1.182795,0.02136438625376451,1.2588
2004-01-18,1.2588,1.2845,1.2899,1.2351,-3.46,1.2387,1.2831,1.2587,1.2521999999999998,1.22749,1.18983,0.01923564399753858,1.2469
2004-01-25,1.2469,1.2363,1.2778,1.2334,1.62,1.2588,1.2387,1.2831,1.25646,1.2355699999999998,1.197235,0.01744112955057791,1.2704
2004-02-01,1.2704,1.2576,1.2665,1.2349,-0.95,1.2469,1.2588,1.2387,1.25724,1.2411299999999998,1.203125,0.016762696680428332,1.274
2004-02-08,1.274,1.2471,1.2725,1.239,1.88,1.2704,1.2469,1.2588,1.2595800000000001,1.24823,1.2097399999999998,0.01780188192298899,1.2532
2004-02-15,1.2532,1.2611,1.2895,1.2603,0.28,1.274,1.2704,1.2469,1.25776,1.25399,1.21607,0.015048355391870702,1.249
2004-02-22,1.249,1.275,1.2928,1.2493,-1.63,1.2532,1.274,1.2704,1.2606600000000001,1.2564300000000002,1.220835,0.01141569095587478,1.2376
2004-02-29,1.2376,1.251,1.2716,1.2373,-0.34,1.249,1.2532,1.274,1.2587,1.25758,1.2242899999999999,0.012595237195068717,1.2217
2004-03-07,1.2217,1.2487,1.2542,1.2057,-0.91,1.2376,1.249,1.2532,1.25684,1.25704,1.22775,0.01519236650426928,1.2272
2004-03-14,1.2272,1.2388,1.2463,1.2162,-1.28,1.2217,1.2376,1.249,1.2471,1.2533400000000001,1.2299200000000001,0.019363883907936738,1.2133
2004-03-21,1.2133,1.2188,1.2436,1.2176,0.45,1.2272,1.2217,1.2376,1.23774,1.24775,1.23336,0.01354798878062934,1.2138
2004-03-28,1.2138,1.2286,1.2403,1.2072,-1.13,1.2133,1.2272,1.2217,1.2297600000000002,1.24521,1.23635,0.013911254436608575,1.2086
2004-04-04,1.2086,1.2127,1.2391,1.205,0.04,1.2138,1.2133,1.2272,1.22272,1.24071,1.23814,0.010134446210822962,1.2001
2004-04-11,1.2001,1.2112,1.2223,1.1981,-0.43,1.2086,1.2138,1.2133,1.21692,1.23688,1.2390050000000001,0.007426102611738382,1.1846
2004-04-18,1.1846,1.2087,1.2102,1.1867,-0.7,1.2001,1.2086,1.2138,1.2126,1.22985,1.23904,0.009840477630688021,1.1982
2004-04-25,1.1982,1.2015,1.2083,1.1786,-1.29,1.1846,1.2001,1.2086,1.20408,1.2209100000000002,1.23745,0.012198647466013452,1.1885
2004-05-02,1.1885,1.1808,1.2014,1.1762,1.15,1.1982,1.1846,1.2001,1.20106,1.2154099999999999,1.23592,0.011171302520300755,1.1881
2004-05-09,1.1881,1.1996,1.2182,1.1876,-0.81,1.1885,1.1982,1.1846,1.196,1.20936,1.23347,0.00957366178638462,1.1997
2004-05-16,1.1997,1.1877,1.1942,1.1772,-0.03,1.1881,1.1885,1.1982,1.1919,1.20441,1.230725,0.006823122452373524,1.2214
2004-05-23,1.2214,1.189,1.2071,1.1875,0.98,1.1997,1.1881,1.1885,1.19182,1.20221,1.2277749999999998,0.006704252381890437,1.2266
2004-05-30,1.2266,1.1987,1.2298,1.1932,1.81,1.2214,1.1997,1.1881,1.19918,1.20163,1.2246899999999998,0.013525790180247455,1.2009
2004-06-06,1.2009,1.2237,1.2306,1.214,0.43,1.2266,1.2214,1.1997,1.2048599999999998,1.20296,1.224085,0.0181753404369787,1.2142
2004-06-13,1.2142,1.2299,1.2354,1.1963,-2.1,1.2009,1.2266,1.2214,1.2073399999999999,1.2016699999999998,1.22119,0.01611406218183578,1.2174
2004-06-20,1.2174,1.1984,1.217,1.1953,1.11,1.2142,1.2009,1.2266,1.2125599999999999,1.20223,1.219555,0.012034242809585734,1.2326
2004-06-27,1.2326,1.2144,1.2195,1.2041,0.26,1.2174,1.2142,1.2009,1.2161,1.20396,1.2169050000000001,0.009678326301590767,1.2415
2004-07-04,1.2415,1.2176,1.2331,1.2067,1.25,1.2326,1.2174,1.2142,1.21834,1.20876,1.214835,0.012183513450563507,1.2453
2004-07-11,1.2453,1.2324,1.2424,1.2261,0.72,1.2415,1.2326,1.2174,1.22132,1.21309,1.21425,0.01594920060692891,1.2094
2004-07-18,1.2094,1.2411,1.2462,1.2298,0.31,1.2453,1.2415,1.2326,1.2302,1.21877,1.2140650000000002,0.01397587206581608,1.202
2004-07-25,1.202,1.2442,1.2463,1.2086,-2.88,1.2094,1.2453,1.2415,1.2292399999999999,1.2208999999999999,1.212655,0.01543803744003937,1.2279
2004-08-01,1.2279,1.2107,1.2192,1.1992,-0.61,1.202,1.2094,1.2453,1.22616,1.22113,1.21167,0.019414762424507268,1.2376
2004-08-08,1.2376,1.2073,1.2294,1.1972,2.15,1.2279,1.202,1.2094,1.22522,1.22178,1.2117049999999998,0.019136797015176288,1.2312
2004-08-15,1.2312,1.2288,1.2377,1.2173,0.79,1.2376,1.2279,1.202,1.22444,1.22288,1.21292,0.018371526882653498,1.2008
2004-08-22,1.2008,1.2381,1.239,1.2278,-0.52,1.2312,1.2376,1.2279,1.2216200000000002,1.22591,1.21379,0.015172738711256488,1.2052
2004-08-29,1.2052,1.2321,1.2321,1.2004,-2.47,1.2008,1.2312,1.2376,1.2199000000000002,1.2245700000000002,1.2134,0.017249637677356048,1.2262
2004-09-05,1.2262,1.2016,1.2226,1.1989,0.37,1.2052,1.2008,1.2312,1.2205400000000002,1.2233500000000002,1.213655,0.01646080192457403,1.2199
2004-09-12,1.2199,1.2062,1.2313,1.2025,1.74,1.2262,1.2052,1.2008,1.2202000000000002,1.22271,1.215735,0.01628741845720371,1.2278
2004-09-19,1.2278,1.227,1.23,1.2123,-0.51,1.2199,1.2262,1.2052,1.2166599999999999,1.22055,1.21682,0.013188934756077193,1.2414
2004-09-26,1.2414,1.2175,1.2368,1.2128,0.65,1.2278,1.2199,1.2262,1.21598,1.2188,1.218785,0.012310239640236925,1.2407
2004-10-03,1.2407,1.2283,1.2447,1.2247,1.11,1.2414,1.2278,1.2199,1.2241,1.222,1.2214500000000001,0.013155227098004098,1.2466
2004-10-10,1.2466,1.2402,1.2437,1.2247,-0.06,1.2407,1.2414,1.2278,1.2311999999999999,1.22587,1.2235,0.00946757624738565,1.2687
2004-10-17,1.2687,1.2418,1.2508,1.2228,0.48,1.2466,1.2407,1.2414,1.23528,1.22774,1.22476,0.011039338748315515,1.2785
2004-10-24,1.2785,1.2479,1.2689,1.245,1.77,1.2687,1.2466,1.2407,1.24504,1.23085,1.226865,0.014929266559347782,1.2967
2004-10-31,1.2967,1.2714,1.2846,1.2633,0.77,1.2785,1.2687,1.2466,1.25518,1.2355800000000001,1.230745,0.017318978029897163,1.2976
2004-11-07,1.2976,1.2805,1.2971,1.2658,1.42,1.2967,1.2785,1.2687,1.2662399999999998,1.2451699999999999,1.2348700000000001,0.023033627590982358,1.302
2004-11-14,1.302,1.2971,1.3007,1.2849,0.07,1.2976,1.2967,1.2785,1.27762,1.25441,1.23888,0.02124751750205351,1.3293
2004-11-21,1.3293,1.2977,1.3077,1.2916,0.34,1.302,1.2976,1.2967,1.2887,1.26199,1.2423499999999998,0.01435391932539946,1.3456
2004-11-28,1.3456,1.3037,1.3333,1.2975,2.1,1.3293,1.302,1.2976,1.30082,1.2729300000000001,1.24674,0.018289532525466133,1.3225
2004-12-05,1.3225,1.3271,1.3463,1.323,1.23,1.3456,1.3293,1.302,1.31424,1.28471,1.251755,0.0220488775224521,1.3309
2004-12-12,1.3309,1.3441,1.3471,1.3137,-1.72,1.3225,1.3456,1.3293,1.3194,1.29282,1.2574100000000001,0.01982460592294581,1.3531
2004-12-19,1.3531,1.3198,1.3446,1.3189,0.64,1.3309,1.3225,1.3456,1.32606,1.3018399999999999,1.263855,0.015868931911130753,1.3558
2004-12-26,1.3558,1.3335,1.3552,1.3298,1.67,1.3531,1.3309,1.3225,1.33628,1.31249,1.270115,0.012622678004294917,1.3054
2005-01-02,1.3054,1.3529,1.3668,1.3511,0.2,1.3558,1.3531,1.3309,1.34158,1.3212,1.2760250000000002,0.014397812333827472,1.3106
2005-01-09,1.3106,1.3546,1.3581,1.3024,-3.72,1.3054,1.3558,1.3531,1.33354,1.32389,1.279735,0.02120620192302494,1.305
2005-01-16,1.305,1.3062,1.3295,1.3051,0.4,1.3106,1.3054,1.3558,1.33116,1.32528,1.285225,0.023317654255951725,1.3044
2005-01-23,1.3044,1.3101,1.3129,1.2921,-0.43,1.305,1.3106,1.3054,1.32598,1.32602,1.2902150000000001,0.0261006130196227,1.2872
2005-01-30,1.2872,1.3039,1.3126,1.2942,-0.05,1.3044,1.305,1.3106,1.3162399999999999,1.32626,1.2941249999999997,0.02225326942271827,1.2866
2005-02-06,1.2866,1.3033,1.3096,1.2863,-1.32,1.2872,1.3044,1.305,1.30252,1.32205,1.29749,0.008915828621058197,1.3072
2005-02-13,1.3072,1.2858,1.2908,1.2731,-0.05,1.2866,1.2872,1.3044,1.2987600000000001,1.31615,1.30043,0.011095404454100719,1.3243
2005-02-20,1.3243,1.2879,1.3091,1.2873,1.6,1.3072,1.2866,1.2872,1.29808,1.31462,1.3037199999999998,0.010261189014927912,1.3241
2005-02-27,1.3241,1.3045,1.3274,1.3032,1.31,1.3243,1.3072,1.2866,1.3019399999999999,1.3139599999999998,1.3078999999999998,0.015702483879949724,1.3454
2005-03-06,1.3454,1.3243,1.3281,1.3089,-0.02,1.3241,1.3243,1.3072,1.3058799999999997,1.31106,1.3117750000000001,0.018665931533145736,1.3318
2005-03-13,1.3318,1.3238,1.3482,1.3177,1.61,1.3454,1.3241,1.3243,1.31752,1.31002,1.31561,0.021960805996139796,1.2958
2005-03-20,1.2958,1.346,1.348,1.3264,-1.01,1.3318,1.3454,1.3241,1.32656,1.31266,1.318275,0.01385976190272015,1.2908
2005-03-27,1.2908,1.3313,1.3318,1.2927,-2.7,1.2958,1.3318,1.3454,1.3242800000000001,1.3111799999999998,1.31823,0.018122830904692848,1.2938
2005-04-03,1.2938,1.2961,1.306,1.2854,-0.39,1.2908,1.2958,1.3318,1.31758,1.30976,1.31789,0.023506424653700314,1.2917
2005-04-10,1.2917,1.2883,1.2944,1.2799,0.23,1.2938,1.2908,1.2958,1.31152,1.3087,1.31748,0.025246623536625424,1.3068
2005-04-17,1.3068,1.2925,1.3017,1.2767,-0.16,1.2917,1.2938,1.2908,1.30078,1.30915,1.3156,0.017448552948599795,1.2873
2005-04-24,1.2873,1.2915,1.3127,1.2877,1.17,1.3068,1.2917,1.2938,1.2957800000000002,1.3111700000000002,1.31366,0.006457708571938589,1.2837
2005-05-01,1.2837,1.3064,1.3065,1.2853,-1.49,1.2873,1.3068,1.2917,1.29408,1.30918,1.3119,0.007487790061165522,1.2618
2005-05-08,1.2618,1.2862,1.2992,1.281,-0.28,1.2837,1.2873,1.3068,1.2926600000000001,1.30512,1.30954,0.008820034013544916,1.2559
2005-05-15,1.2559,1.2818,1.2915,1.2611,-1.71,1.2618,1.2837,1.2873,1.28626,1.2988899999999999,1.304975,0.01625893600455122,1.2575
2005-05-22,1.2575,1.2626,1.2691,1.2536,-0.47,1.2559,1.2618,1.2837,1.2791000000000001,1.28994,1.29998,0.02057437726882867,1.2235
2005-05-29,1.2235,1.2546,1.2634,1.2496,0.13,1.2575,1.2559,1.2618,1.2692400000000001,1.28251,1.297585,0.015053172423117274,1.2123
2005-06-05,1.2123,1.2534,1.2548,1.2159,-2.7,1.2235,1.2575,1.2559,1.2564800000000003,1.27528,1.2932299999999999,0.02155393235583937,1.2289
2005-06-12,1.2289,1.2225,1.2357,1.2108,-0.92,1.2123,1.2235,1.2575,1.2422,1.26743,1.288595,0.022636474990600917,1.2097
2005-06-19,1.2097,1.2113,1.2291,1.2016,1.37,1.2289,1.2123,1.2235,1.23562,1.2609400000000002,1.28482,0.020161150760809727,1.1959
2005-06-26,1.1959,1.2195,1.2241,1.1983,-1.56,1.2097,1.2289,1.2123,1.22638,1.25274,1.280945,0.019102146476249693,1.1971
2005-07-03,1.1971,1.2092,1.2188,1.1942,-1.14,1.1959,1.2097,1.2289,1.21406,1.24165,1.2764099999999998,0.012857215872812296,1.2035
2005-07-10,1.2035,1.1934,1.2041,1.1867,0.1,1.1971,1.1959,1.2097,1.2087800000000002,1.23263,1.2709050000000002,0.013419836064576035,1.2067
2005-07-17,1.2067,1.1967,1.2258,1.1957,0.53,1.2035,1.1971,1.1959,1.20702,1.22461,1.264865,0.013419836064576035,1.213
2005-07-24,1.213,1.2022,1.2256,1.1951,0.27,1.2067,1.2035,1.1971,1.20258,1.2191,1.258995,0.005982641557046017,1.2363
2005-07-31,1.2363,1.2054,1.2159,1.1961,0.52,1.213,1.2067,1.2035,1.20324,1.2148100000000002,1.2523750000000002,0.007051099205095194,1.2437
2005-08-07,1.2437,1.2125,1.2405,1.2119,1.92,1.2363,1.213,1.2067,1.21132,1.21269,1.2476,0.015095760994401401,1.2154
2005-08-14,1.2154,1.234,1.2487,1.2315,0.6,1.2437,1.2363,1.213,1.22064,1.21471,1.2449949999999999,0.018189777348832176,1.2283
2005-08-21,1.2283,1.246,1.246,1.2127,-2.28,1.2154,1.2437,1.2363,1.22302,1.21502,1.241225,0.016037674395001512,1.2525
2005-08-28,1.2525,1.2163,1.2344,1.2157,1.06,1.2283,1.2154,1.2437,1.22734,1.21496,1.23795,0.01320087118337595,1.2409
2005-09-04,1.2409,1.2285,1.259,1.2168,1.97,1.2525,1.2283,1.2154,1.23524,1.21924,1.23599,0.014251245559602098,1.2236
2005-09-11,1.2236,1.2535,1.2585,1.2374,-0.93,1.2409,1.2525,1.2283,1.23616,1.22374,1.232695,0.014483369773643062,1.2039
2005-09-18,1.2039,1.2402,1.2415,1.219,-1.39,1.2236,1.2409,1.2525,1.2321399999999998,1.2263899999999999,1.2295099999999999,0.014655817957387475,1.203
2005-09-25,1.203,1.2169,1.2273,1.2037,-1.61,1.2039,1.2236,1.2409,1.2298399999999998,1.2264300000000001,1.22552,0.018371118637690104,1.2119
2005-10-02,1.2119,1.2034,1.209,1.1977,-0.07,1.203,1.2039,1.2236,1.22478,1.22606,1.2225800000000002,0.022022647433950566,1.2077
2005-10-09,1.2077,1.2022,1.2207,1.19,0.74,1.2119,1.203,1.2039,1.2166599999999999,1.2259499999999999,1.22038,0.01587302743650685,1.1949
2005-10-16,1.1949,1.2119,1.2155,1.1911,-0.35,1.2077,1.2119,1.203,1.2100199999999999,1.2230899999999998,1.2178900000000001,0.008367616147990429,1.2062
2005-10-23,1.2062,1.2083,1.2123,1.1875,-1.06,1.1949,1.2077,1.2119,1.20428,1.21821,1.21646,0.006315219711151631,1.1822
2005-10-30,1.1822,1.1947,1.2176,1.1921,0.95,1.2062,1.1949,1.2077,1.20474,1.21729,1.216155,0.006364196728583843,1.1724
2005-11-06,1.1724,1.2058,1.2092,1.1801,-1.99,1.1822,1.2062,1.1949,1.20058,1.2126800000000002,1.2138200000000001,0.012046866812583462,1.1768
2005-11-13,1.1768,1.1816,1.1838,1.1671,-0.83,1.1724,1.1822,1.2062,1.19268,1.20467,1.2119550000000001,0.015284207535889324,1.1724
2005-11-20,1.1724,1.1723,1.1795,1.1639,0.38,1.1768,1.1724,1.1822,1.1865,1.1982599999999999,1.211,0.013874797295821818,1.1717
2005-11-27,1.1717,1.1775,1.1865,1.1683,-0.37,1.1724,1.1768,1.1724,1.182,1.19314,1.209765,0.014115948427227576,1.1812
2005-12-04,1.1812,1.1715,1.1904,1.1662,-0.06,1.1717,1.1724,1.1768,1.1751,1.18992,1.208175,0.004456455991048985,1.2013
2005-12-11,1.2013,1.1704,1.185,1.1688,0.81,1.1812,1.1717,1.1724,1.1749000000000003,1.18774,1.2068999999999999,0.004063249930801331,1.1875
2005-12-18,1.1875,1.1781,1.2062,1.1777,1.7,1.2013,1.1812,1.1717,1.1806800000000002,1.18668,1.2063149999999998,0.012141952067116357,1.1843
2005-12-25,1.1843,1.2027,1.2041,1.1799,-1.15,1.1875,1.2013,1.1812,1.18282,1.1846599999999998,1.2038749999999998,0.012229758787488373,1.2149
2006-01-01,1.2149,1.1862,1.1935,1.1778,-0.27,1.1843,1.1875,1.2013,1.1851999999999998,1.1836,1.2009050000000001,0.010765221781280102,1.2138
2006-01-08,1.2138,1.1845,1.2182,1.1799,2.58,1.2149,1.1843,1.1875,1.19384,1.18447,1.20088,0.014054821236861834,1.2138
2006-01-15,1.2138,1.2148,1.2165,1.2006,-0.09,1.2138,1.2149,1.1843,1.20036,1.18763,1.200155,0.014284887118914815,1.21
2006-01-22,1.21,1.2149,1.2176,1.2041,0.0,1.2138,1.2138,1.2149,1.2028599999999998,1.19177,1.19822,0.015530067610932567,1.2024
2006-01-29,1.2024,1.214,1.2325,1.2085,-0.31,1.21,1.2138,1.2138,1.20736,1.19509,1.1966750000000002,0.01302432339893838,1.19
2006-02-05,1.19,1.2106,1.2191,1.1968,-0.63,1.2024,1.21,1.2138,1.21098,1.19809,1.1956149999999999,0.005144122860131851,1.1934
2006-02-12,1.1934,1.2037,1.2048,1.1892,-1.03,1.19,1.2024,1.21,1.206,1.19992,1.19492,0.010082658379620597,1.1873
2006-02-19,1.1873,1.1902,1.1955,1.1846,0.29,1.1934,1.19,1.2024,1.2019199999999999,1.20114,1.19444,0.01026313792171458,1.2039
2006-02-26,1.2039,1.1932,1.1976,1.186,-0.51,1.1873,1.1934,1.19,1.19662,1.19974,1.19321,0.009400638276209752,1.1915
2006-03-05,1.1915,1.1873,1.2054,1.1824,1.4,1.2039,1.1873,1.1934,1.1954,1.20138,1.19302,0.007416535579375367,1.219
2006-03-12,1.219,1.2049,1.2094,1.1859,-1.03,1.1915,1.2039,1.1873,1.19322,1.2021000000000002,1.19285,0.006373146789470831,1.2036
2006-03-19,1.2036,1.1915,1.2208,1.1909,2.31,1.219,1.1915,1.2039,1.19902,1.20251,1.1934900000000002,0.012732910115136283,1.2119
2006-03-26,1.2119,1.2185,1.2199,1.195,-1.26,1.2036,1.219,1.1915,1.20106,1.20149,1.1945599999999998,0.01242066825900035,1.209
2006-04-02,1.209,1.2039,1.2176,1.1976,0.69,1.2119,1.2036,1.219,1.2059799999999998,1.2013,1.196535,0.010298397933665977,1.211
2006-04-09,1.211,1.2122,1.2336,1.2032,-0.24,1.209,1.2119,1.2036,1.207,1.2011999999999998,1.1981449999999998,0.010293444515813693,1.2341
2006-04-16,1.2341,1.211,1.217,1.2065,0.17,1.211,1.209,1.2119,1.2109,1.20206,1.200075,0.005556977595791812,1.2637
2006-04-23,1.2637,1.2125,1.2397,1.2123,1.91,1.2341,1.211,1.209,1.21392,1.20647,1.2031949999999998,0.011731879644802408,1.2725
2006-04-30,1.2725,1.2374,1.2642,1.2333,2.4,1.2637,1.2341,1.211,1.22594,1.2135,1.20732,0.02345043709614219,1.2932
2006-05-07,1.2932,1.2628,1.2768,1.2556,0.7,1.2725,1.2637,1.2341,1.2380600000000002,1.22202,1.21088,0.02930841176181526,1.2774
2006-05-14,1.2774,1.2743,1.2959,1.2662,1.63,1.2932,1.2725,1.2637,1.2549,1.23095,1.2161650000000002,0.03245743366318562,1.2735
2006-05-21,1.2735,1.2951,1.2974,1.2695,-1.22,1.2774,1.2932,1.2725,1.2681799999999999,1.2395399999999999,1.2208200000000002,0.02185856811413061,1.2918
2006-05-28,1.2918,1.2761,1.2896,1.2695,-0.31,1.2735,1.2774,1.2932,1.27606,1.24499,1.2237500000000001,0.010811706618294855,1.2644
2006-06-04,1.2644,1.2732,1.2942,1.272,1.44,1.2918,1.2735,1.2774,1.2816800000000002,1.25381,1.22765,0.01005768362994562,1.2645
2006-06-11,1.2645,1.2931,1.2982,1.2596,-2.12,1.2644,1.2918,1.2735,1.28006,1.25906,1.23018,0.012306827373457306,1.2512
2006-06-18,1.2512,1.2619,1.2678,1.2531,0.01,1.2645,1.2644,1.2918,1.27432,1.26461,1.232905,0.011297654623862698,1.2789
2006-06-25,1.2789,1.265,1.2683,1.2479,-1.05,1.2512,1.2645,1.2644,1.26908,1.2686300000000001,1.2353450000000001,0.01498589336676634,1.281
2006-07-02,1.281,1.2505,1.2797,1.2502,2.21,1.2789,1.2512,1.2645,1.27016,1.2731100000000002,1.23979,0.01556736972002945,1.2651
2006-07-09,1.2651,1.279,1.2864,1.2705,0.16,1.281,1.2789,1.2512,1.268,1.27484,1.24417,0.012198975366812179,1.2697
2006-07-16,1.2697,1.2811,1.2817,1.2625,-1.24,1.2651,1.281,1.2789,1.26814,1.2741,1.24806,0.012151255079212614,1.2764
2006-07-23,1.2764,1.2634,1.2699,1.2459,0.36,1.2697,1.2651,1.281,1.26918,1.2717500000000002,1.25135,0.011983196568532493,1.2874
2006-07-30,1.2874,1.2703,1.2775,1.2561,0.53,1.2764,1.2697,1.2651,1.27422,1.27165,1.255595,0.006637544726785792,1.2722
2006-08-06,1.2722,1.2768,1.2912,1.2721,0.86,1.2874,1.2764,1.2697,1.27592,1.2730400000000002,1.259015,0.008854208039123556,1.2826
2006-08-13,1.2826,1.2884,1.2915,1.2716,-1.18,1.2722,1.2874,1.2764,1.2741599999999997,1.27108,1.262445,0.008457718368453934,1.275
2006-08-20,1.275,1.2715,1.2893,1.2696,0.82,1.2826,1.2722,1.2874,1.27766,1.2729,1.26598,0.007314916267468599,1.2836
2006-08-27,1.2836,1.2826,1.294,1.2725,-0.59,1.275,1.2826,1.2722,1.2787199999999999,1.27395,1.26928,0.0061670089995130885,1.2673
2006-09-03,1.2673,1.2761,1.2881,1.2748,0.67,1.2836,1.275,1.2826,1.28016,1.2771899999999998,1.27291,0.006328348915797284,1.2647
2006-09-10,1.2647,1.2845,1.2875,1.2649,-1.27,1.2673,1.2836,1.275,1.27614,1.27603,1.2745700000000002,0.006934551175099919,1.278
2006-09-17,1.278,1.2668,1.2753,1.263,-0.21,1.2647,1.2673,1.2836,1.27464,1.2744,1.27462,0.008608890753173873,1.2672
2006-09-24,1.2672,1.2637,1.2835,1.2631,1.05,1.278,1.2647,1.2673,1.27372,1.27569,1.2748950000000001,0.00774835466406154,1.26
2006-10-01,1.26,1.279,1.2824,1.2638,-0.85,1.2672,1.278,1.2647,1.2721600000000002,1.2754400000000001,1.273595,0.008198353493237966,1.2515
2006-10-08,1.2515,1.2684,1.277,1.2574,-0.57,1.26,1.2672,1.278,1.2674400000000001,1.2738,1.2727249999999999,0.006604013930943525,1.2614
2006-10-15,1.2614,1.2594,1.262,1.2484,-0.67,1.2515,1.26,1.2672,1.26428,1.27021,1.271625,0.009728668973713817,1.2741
2006-10-22,1.2741,1.25,1.2643,1.2487,0.79,1.2614,1.2515,1.26,1.26362,1.26913,1.270105,0.009804692753987914,1.2718
2006-10-29,1.2718,1.262,1.2753,1.2525,1.01,1.2741,1.2614,1.2515,1.2628400000000002,1.26828,1.2705899999999999,0.008434038178719886,1.2844
2006-11-05,1.2844,1.2732,1.28,1.2679,-0.18,1.2718,1.2741,1.2614,1.26376,1.26796,1.270955,0.009240833295764108,1.2828
2006-11-12,1.2828,1.2718,1.2901,1.2688,0.99,1.2844,1.2718,1.2741,1.26864,1.26804,1.272615,0.012593371272224606,1.3093
2006-11-19,1.3093,1.2843,1.2879,1.2761,-0.12,1.2828,1.2844,1.2718,1.2749,1.26959,1.27281,0.009289241088489284,1.3336
2006-11-26,1.3336,1.2831,1.3112,1.2799,2.07,1.3093,1.2828,1.2844,1.2844799999999998,1.2740500000000001,1.274225,0.01489452919699223,1.3201
2006-12-03,1.3201,1.3172,1.335,1.3087,1.86,1.3336,1.3093,1.2828,1.2963799999999999,1.2796100000000001,1.27765,0.024921717436806542,1.3083
2006-12-10,1.3083,1.3333,1.3369,1.3192,-1.01,1.3201,1.3336,1.3093,1.3060399999999999,1.2849,1.28017,0.022227527977712883,1.3144
2006-12-17,1.3144,1.3178,1.3293,1.3059,-0.89,1.3083,1.3201,1.3336,1.3108199999999999,1.28973,1.2817649999999998,0.018700454539930307,1.3199
2006-12-24,1.3199,1.3083,1.3246,1.3053,0.47,1.3144,1.3083,1.3201,1.31714,1.29602,1.283115,0.010329714420059598,1.3003
2006-12-31,1.3003,1.3135,1.3208,1.3091,0.42,1.3199,1.3144,1.3083,1.31926,1.3018699999999999,1.2854999999999999,0.009360715784595927,1.2917
2007-01-07,1.2917,1.3197,1.3298,1.298,-1.48,1.3003,1.3199,1.3144,1.3126000000000002,1.30449,1.286385,0.008404760555780147,1.2966
2007-01-14,1.2966,1.3013,1.3054,1.2866,-0.66,1.2917,1.3003,1.3199,1.30692,1.30648,1.28722,0.011200535701474659,1.2915
2007-01-21,1.2915,1.2927,1.3002,1.2896,0.38,1.2966,1.2917,1.3003,1.30458,1.3077,1.28787,0.012031500322071759,1.2969
2007-01-28,1.2969,1.2961,1.3045,1.2875,-0.39,1.2915,1.2966,1.2917,1.3,1.30857,1.28908,0.011713240371477932,1.3005
2007-02-04,1.3005,1.2919,1.3064,1.2898,0.42,1.2969,1.2915,1.2966,1.2954,1.3073299999999999,1.2906900000000001,0.003761648574764426,1.3141
2007-02-11,1.3141,1.2965,1.3047,1.2912,0.28,1.3005,1.2969,1.2915,1.29544,1.30402,1.2918150000000002,0.0038272705679148235,1.3167
2007-02-18,1.3167,1.2992,1.3174,1.2941,1.05,1.3141,1.3005,1.2969,1.29992,1.30342,1.2941600000000002,0.008550555537508709,1.3194
2007-02-25,1.3194,1.3157,1.319,1.3079,0.2,1.3167,1.3141,1.3005,1.3039399999999999,1.30426,1.296995,0.010979435322456928,1.3114
2007-03-04,1.3114,1.3163,1.326,1.3142,0.21,1.3194,1.3167,1.3141,1.3095199999999998,1.30476,1.30039,0.010133706133493684,1.3314
2007-03-11,1.3314,1.3203,1.3213,1.307,-0.61,1.3114,1.3194,1.3167,1.31242,1.3039100000000001,1.30289,0.007297054200155297,1.3285
2007-03-18,1.3285,1.3117,1.3342,1.311,1.53,1.3314,1.3114,1.3194,1.3186,1.30702,1.305755,0.007748870885490287,1.3358
2007-03-25,1.3358,1.332,1.3414,1.3271,-0.22,1.3285,1.3314,1.3114,1.32148,1.3107,1.3085900000000001,0.008313663452413604,1.3379
2007-04-01,1.3379,1.3291,1.3403,1.3255,0.55,1.3358,1.3285,1.3314,1.3253,1.3146200000000001,1.3111599999999999,0.009819877799646815,1.3529
2007-04-08,1.3529,1.3376,1.3444,1.332,0.16,1.3379,1.3358,1.3285,1.3290000000000002,1.3192599999999999,1.3139150000000002,0.010502618721061657,1.3591
2007-04-15,1.3591,1.3373,1.3554,1.334,1.12,1.3529,1.3379,1.3358,1.3373000000000002,1.32486,1.316095,0.009463350358091515,1.3653
2007-04-22,1.3653,1.3556,1.3638,1.3521,0.46,1.3591,1.3529,1.3379,1.34284,1.3307200000000001,1.31737,0.012700314956723994,1.359
2007-04-29,1.359,1.3603,1.3683,1.354,0.46,1.3653,1.3591,1.3529,1.3501999999999998,1.33584,1.31963,0.012972663566129406,1.3529
2007-05-06,1.3529,1.3634,1.368,1.3531,-0.46,1.359,1.3653,1.3591,1.35484,1.34007,1.322165,0.010435420451518898,1.3509
2007-05-13,1.3509,1.3601,1.3628,1.3462,-0.45,1.3529,1.359,1.3653,1.35784,1.34342,1.32409,0.005181505572705466,1.3441
2007-05-20,1.3441,1.3533,1.3611,1.3465,-0.15,1.3509,1.3529,1.359,1.35744,1.34737,1.3256400000000002,0.00570859001855783,1.3449
2007-05-27,1.3449,1.3519,1.3529,1.3411,-0.5,1.3441,1.3509,1.3529,1.3544399999999999,1.34864,1.32783,0.008070811607265933,1.3374
2007-06-03,1.3374,1.3446,1.3521,1.3392,0.06,1.3449,1.3441,1.3509,1.35036,1.3502800000000001,1.33049,0.006131720802513712,1.3388
2007-06-10,1.3388,1.3444,1.3555,1.332,-0.56,1.3374,1.3449,1.3441,1.34604,1.35044,1.33253,0.0061317208025138,1.3469
2007-06-17,1.3469,1.3361,1.339,1.3262,0.1,1.3388,1.3374,1.3449,1.3432199999999999,1.35053,1.334895,0.005384886256921452,1.3542
2007-06-24,1.3542,1.3376,1.3471,1.3372,0.61,1.3469,1.3388,1.3374,1.3424200000000002,1.34993,1.3373950000000001,0.00410329136181939,1.3628
2007-07-01,1.3628,1.3466,1.3542,1.3415,0.54,1.3542,1.3469,1.3388,1.34444,1.34944,1.34008,0.006761878437237808,1.3784
2007-07-08,1.3784,1.3542,1.3661,1.3528,0.64,1.3628,1.3542,1.3469,1.34802,1.34919,1.342515,0.010673424942350126,1.3827
2007-07-15,1.3827,1.3632,1.3815,1.3594,1.14,1.3784,1.3628,1.3542,1.35622,1.35113,1.3456000000000001,0.015245064775197964,1.3634
2007-07-22,1.3634,1.3779,1.3844,1.3752,0.31,1.3827,1.3784,1.3628,1.3649999999999998,1.35411,1.348765,0.015345520519030412,1.3774
2007-07-29,1.3774,1.3837,1.3853,1.3627,-1.4,1.3634,1.3827,1.3784,1.3683,1.35536,1.351365,0.011857908753232317,1.3693
2007-08-05,1.3693,1.3614,1.382,1.3609,1.03,1.3774,1.3634,1.3827,1.37294,1.35869,1.3536650000000001,0.009203151634086318,1.3476
2007-08-12,1.3476,1.3828,1.384,1.3641,-0.59,1.3693,1.3774,1.3634,1.37424,1.36113,1.355705,0.007758414786538969,1.3681
2007-08-19,1.3681,1.3687,1.371,1.3359,-1.58,1.3476,1.3693,1.3774,1.36808,1.36215,1.356295,0.013632938054578847,1.363
2007-08-26,1.363,1.3481,1.3682,1.3451,1.52,1.3681,1.3476,1.3693,1.36516,1.36508,1.357805,0.01103462731586265,1.3768
2007-09-02,1.3768,1.3672,1.3721,1.3564,-0.37,1.363,1.3681,1.3476,1.36508,1.36669,1.35831,0.01105201339123248,1.3875
2007-09-09,1.3875,1.3629,1.38,1.3552,1.01,1.3768,1.363,1.3681,1.36496,1.3689500000000001,1.3591950000000002,0.010886826902269645,1.4091
2007-09-16,1.4091,1.3785,1.3929,1.3767,0.78,1.3875,1.3768,1.363,1.3686,1.37142,1.3603049999999999,0.014975479958918899,1.4272
2007-09-23,1.4272,1.3869,1.4122,1.3828,1.56,1.4091,1.3875,1.3768,1.3809,1.37449,1.36281,0.018302049065609574,1.4136
2007-09-30,1.4136,1.4091,1.4279,1.406,1.28,1.4272,1.4091,1.3875,1.3927200000000002,1.3789399999999998,1.3665249999999998,0.025598574179043217,1.4179
2007-10-07,1.4179,1.4277,1.4282,1.4031,-0.95,1.4136,1.4272,1.4091,1.4028399999999999,1.3839599999999999,1.36966,0.020382418894723302,1.4305
2007-10-14,1.4305,1.4147,1.4242,1.4014,0.3,1.4179,1.4136,1.4272,1.4110599999999998,1.38801,1.3733499999999998,0.014770341905317294,1.4397
2007-10-21,1.4397,1.4181,1.432,1.4143,0.89,1.4305,1.4179,1.4136,1.41966,1.39413,1.37763,0.009023469399292777,1.4508
2007-10-28,1.4508,1.4327,1.4398,1.4125,0.64,1.4397,1.4305,1.4179,1.42578,1.40334,1.3827450000000001,0.010350217389020134,1.4676
2007-11-04,1.4676,1.4411,1.4528,1.4374,0.77,1.4508,1.4397,1.4305,1.4304999999999999,1.41161,1.388345,0.015338676605234813,1.4659
2007-11-11,1.4659,1.4514,1.4754,1.4444,1.16,1.4676,1.4508,1.4397,1.4413,1.4220700000000002,1.39438,0.01903089593266649,1.4837
2007-11-18,1.4837,1.467,1.4726,1.452,-0.12,1.4659,1.4676,1.4508,1.4509,1.43098,1.3999650000000001,0.016167096214224304,1.4632
2007-11-25,1.4632,1.4672,1.4968,1.4619,1.21,1.4837,1.4659,1.4676,1.46154,1.4406,1.40601,0.01687551480696195,1.4657
2007-12-02,1.4657,1.4823,1.4909,1.4628,-1.38,1.4632,1.4837,1.4659,1.46624,1.44601,1.41025,0.011773402227053717,1.4419
2007-12-09,1.4419,1.4639,1.4772,1.4528,0.17,1.4657,1.4632,1.4837,1.46922,1.4498600000000001,1.4144,0.008245422972776735,1.4367
2007-12-16,1.4367,1.4655,1.4752,1.4411,-1.62,1.4419,1.4657,1.4632,1.46408,1.45269,1.4183249999999998,0.014862772285142331,1.4717
2007-12-23,1.4717,1.4388,1.4455,1.431,-0.36,1.4367,1.4419,1.4657,1.45824,1.45457,1.42129,0.0191012565031726,1.4745
2007-12-30,1.4745,1.4375,1.4729,1.436,2.44,1.4717,1.4367,1.4419,1.4558399999999998,1.45869,1.42641,0.015520889149787559,1.4777
2008-01-06,1.4777,1.472,1.4825,1.4569,0.19,1.4745,1.4717,1.4367,1.4581,1.46217,1.432755,0.017550498568416586,1.4611
2008-01-13,1.4611,1.4747,1.4821,1.464,0.22,1.4777,1.4745,1.4717,1.4605000000000001,1.4648599999999998,1.4382350000000002,0.019555561868685678,1.4672
2008-01-20,1.4672,1.4783,1.4924,1.4589,-1.12,1.4611,1.4777,1.4745,1.46434,1.46421,1.44314,0.01666097236057948,1.48
2008-01-27,1.48,1.4606,1.4781,1.4365,0.42,1.4672,1.4611,1.4777,1.47044,1.46434,1.44766,0.006490608600123348,1.451
2008-02-03,1.451,1.4682,1.4954,1.4661,0.87,1.48,1.4672,1.4611,1.4721,1.46397,1.452285,0.007818887388880551,1.468
2008-02-10,1.468,1.4806,1.4851,1.444,-1.96,1.451,1.48,1.4672,1.4674,1.46275,1.45438,0.01197434758139228,1.4832
2008-02-17,1.4832,1.4518,1.4711,1.4482,1.17,1.468,1.451,1.48,1.46546,1.46298,1.45642,0.010594715663952254,1.5181
2008-02-24,1.5181,1.4679,1.4864,1.4611,1.04,1.4832,1.468,1.451,1.46988,1.4671100000000001,1.4599,0.012718175969847074,1.5351
2008-03-02,1.5351,1.4839,1.524,1.4779,2.35,1.5181,1.4832,1.468,1.48006,1.4752500000000002,1.4649100000000002,0.02473273134936771,1.5675
2008-03-09,1.5675,1.5196,1.5461,1.5147,1.12,1.5351,1.5181,1.4832,1.4910799999999997,1.4815900000000002,1.4701400000000002,0.03488921036653022,1.5432
2008-03-16,1.5432,1.5364,1.569,1.5283,2.11,1.5675,1.5351,1.5181,1.5143799999999998,1.4908899999999998,1.47653,0.039963070452606816,1.5802
2008-03-23,1.5802,1.5725,1.5906,1.5397,-1.55,1.5432,1.5675,1.5351,1.52942,1.49744,1.48115,0.0313714360525627,1.5737
2008-03-30,1.5737,1.5422,1.586,1.5342,2.4,1.5802,1.5432,1.5675,1.5488199999999999,1.50935,1.48678,0.02498593604410394,1.5807
2008-04-06,1.5807,1.5811,1.5896,1.551,-0.41,1.5737,1.5802,1.5432,1.5599399999999999,1.52,1.49217,0.019711747766244958,1.5815
2008-04-13,1.5815,1.5732,1.5914,1.5627,0.44,1.5807,1.5737,1.5802,1.56906,1.53007,1.49702,0.015429614382740427,1.5625
2008-04-20,1.5625,1.5698,1.5985,1.5671,0.05,1.5815,1.5807,1.5737,1.57186,1.54312,1.5029350000000001,0.016320324751673058,1.5429
2008-04-27,1.5429,1.5813,1.602,1.5555,-1.2,1.5625,1.5815,1.5807,1.57572,1.55257,1.507775,0.00801760562762192,1.5483
2008-05-04,1.5483,1.5617,1.5693,1.536,-1.25,1.5429,1.5625,1.5815,1.56826,1.55854,1.512825,0.016093104113255038,1.5577
2008-05-11,1.5577,1.5434,1.5595,1.5286,0.35,1.5483,1.5429,1.5625,1.5631799999999998,1.5615599999999998,1.518405,0.017858667363497775,1.5766
2008-05-18,1.5766,1.5463,1.5602,1.5366,0.61,1.5577,1.5483,1.5429,1.5585799999999999,1.56382,1.522705,0.014941619724784055,1.5554
2008-05-25,1.5554,1.5598,1.5816,1.5486,1.21,1.5766,1.5577,1.5483,1.5576,1.5647300000000002,1.52781,0.013111064030049439,1.5777
2008-06-01,1.5777,1.5772,1.582,1.5462,-1.34,1.5554,1.5766,1.5577,1.55618,1.56595,1.531695,0.012829146503179982,1.538
2008-06-08,1.538,1.5558,1.5777,1.5364,1.43,1.5777,1.5554,1.5766,1.56314,1.5657,1.537525,0.01325605522016487,1.5605
2008-06-15,1.5605,1.5794,1.5846,1.5302,-2.52,1.538,1.5777,1.5554,1.56108,1.56213,1.5410650000000001,0.016533813837105428,1.5795
2008-06-22,1.5795,1.541,1.5652,1.5345,1.46,1.5605,1.538,1.5777,1.5616400000000001,1.5601099999999999,1.5450899999999999,0.01643785265781572,1.5706
2008-06-29,1.5706,1.5629,1.5795,1.5467,1.22,1.5795,1.5605,1.538,1.56222,1.55991,1.551515,0.01713408882899988,1.5942
2008-07-06,1.5942,1.5777,1.5911,1.5653,-0.56,1.5706,1.5795,1.5605,1.5652599999999999,1.5607199999999999,1.556645,0.016969177941198507,1.5848
2008-07-13,1.5848,1.5697,1.5948,1.561,1.5,1.5942,1.5706,1.5795,1.5685600000000002,1.56585,1.562195,0.02109580527024405,1.571
2008-07-20,1.571,1.5964,1.604,1.5784,-0.59,1.5848,1.5942,1.5706,1.57792,1.5695000000000001,1.5655299999999999,0.012960594122186397,1.5566
2008-07-27,1.5566,1.5837,1.5945,1.5628,-0.87,1.571,1.5848,1.5942,1.58002,1.57083,1.5673249999999999,0.009928343265623502,1.5006
2008-08-03,1.5006,1.5701,1.577,1.5513,-0.92,1.5566,1.571,1.5848,1.57544,1.5688299999999997,1.56678,0.014470936389883463,1.4689
2008-08-10,1.4689,1.557,1.5631,1.4996,-3.6,1.5006,1.5566,1.571,1.56144,1.56335,1.5646499999999999,0.036862012967281955,1.4793
2008-08-17,1.4793,1.4933,1.5084,1.4657,-2.11,1.4689,1.5006,1.5566,1.5363799999999999,1.55247,1.559085,0.04946121713019275,1.4674
2008-08-24,1.4674,1.4683,1.4909,1.463,0.71,1.4793,1.4689,1.5006,1.5152800000000002,1.5466,1.554365,0.046025069255788024,1.4269
2008-08-31,1.4269,1.4788,1.4813,1.4569,-0.8,1.4674,1.4793,1.4689,1.4945599999999999,1.53729,1.5487,0.03712954349302039,1.4228
2008-09-07,1.4228,1.4702,1.4719,1.4197,-2.76,1.4269,1.4674,1.4793,1.46862,1.52203,1.54097,0.026827728193048746,1.4466
2008-09-14,1.4466,1.4385,1.443,1.388,-0.29,1.4228,1.4269,1.4674,1.45306,1.5072500000000002,1.533985,0.02619681278323972,1.4615
2008-09-21,1.4615,1.4315,1.4543,1.4079,1.67,1.4466,1.4228,1.4269,1.4486,1.49249,1.52917,0.024680255266105205,1.3771
2008-09-28,1.3771,1.4491,1.4867,1.4438,1.03,1.4615,1.4466,1.4228,1.44504,1.4801600000000001,1.5248300000000001,0.019981316272961496,1.3414
2008-10-05,1.3414,1.4522,1.4566,1.3704,-5.77,1.3771,1.4615,1.4466,1.42698,1.4607700000000001,1.5158,0.031945531768936476,1.3409
2008-10-12,1.3409,1.3665,1.3786,1.3259,-2.59,1.3414,1.3771,1.4615,1.40988,1.4392500000000001,1.5040400000000003,0.04985967308356676,1.2624
2008-10-19,1.2624,1.3559,1.3771,1.3346,-0.04,1.3409,1.3414,1.3771,1.3935,1.42328,1.493315,0.057432003273437796,1.2733
2008-10-26,1.2733,1.3403,1.3532,1.2498,-5.85,1.2624,1.3409,1.3414,1.35666,1.4026299999999998,1.47755,0.07206839112953893,1.2739
2008-11-02,1.2739,1.2551,1.3297,1.2331,0.86,1.2733,1.2624,1.3409,1.31902,1.38203,1.464315,0.049114733023811134,1.2634
2008-11-09,1.2634,1.2751,1.3119,1.2528,0.05,1.2739,1.2733,1.2624,1.2983799999999999,1.36268,1.449985,0.039311283367504946,1.2581
2008-11-16,1.2581,1.2821,1.293,1.239,-0.82,1.2634,1.2739,1.2733,1.28278,1.34633,1.43418,0.03293018372254083,1.2698
2008-11-23,1.2698,1.2535,1.2816,1.2425,-0.42,1.2581,1.2634,1.2739,1.2662200000000001,1.32986,1.418555,0.007028299936706739,1.2736
2008-11-30,1.2736,1.2592,1.3083,1.2567,0.93,1.2698,1.2581,1.2634,1.2677,1.3121800000000001,1.4023349999999999,0.006798161516197653,1.3373
2008-12-07,1.3373,1.2712,1.2851,1.255,0.3,1.2736,1.2698,1.2581,1.2677600000000002,1.29339,1.386775,0.006860976606891379,1.3919
2008-12-14,1.3919,1.2727,1.3417,1.2717,5.0,1.3373,1.2736,1.2698,1.28044,1.28941,1.37509,0.03233609438383522,1.4063
2008-12-21,1.4063,1.337,1.4722,1.3367,4.08,1.3919,1.3373,1.2736,1.3061399999999999,1.29446,1.366855,0.05703729481663972,1.3879
2008-12-28,1.3879,1.3934,1.4126,1.3901,1.03,1.4063,1.3919,1.3373,1.33578,1.301,1.3621400000000001,0.0639228988704381,1.344
2009-01-04,1.344,1.4062,1.4364,1.384,-1.31,1.3879,1.4063,1.3919,1.3594,1.31355,1.35809,0.054585162819215174,1.3304
2009-01-11,1.3304,1.3904,1.3966,1.3311,-3.16,1.344,1.3879,1.4063,1.37348,1.32062,1.351325,0.030831996367413815,1.2992
2009-01-18,1.2992,1.3474,1.3476,1.3026,-1.01,1.3304,1.344,1.3879,1.3721,1.32627,1.344475,0.03293865510308852,1.2782
2009-01-25,1.2782,1.3328,1.3388,1.2766,-2.35,1.2992,1.3304,1.344,1.35356,1.32985,1.33809,0.04342675442627793,1.2933
2009-02-01,1.2933,1.2971,1.3331,1.2778,-1.62,1.2782,1.2992,1.3304,1.3279400000000001,1.33186,1.33086,0.042306122488361936,1.2862
2009-02-08,1.2862,1.277,1.3072,1.2707,1.18,1.2933,1.2782,1.2992,1.3090199999999999,1.3342100000000001,1.3231950000000001,0.027267783188229918,1.2843
2009-02-15,1.2843,1.2961,1.3095,1.2721,-0.55,1.2862,1.2933,1.2782,1.2974599999999998,1.3354700000000002,1.3144300000000002,0.02001944055163195,1.2669
2009-02-22,1.2669,1.279,1.2885,1.2514,-0.15,1.2843,1.2862,1.2933,1.2882399999999998,1.33017,1.30979,0.008158002206443422,1.2641
2009-03-01,1.2641,1.2796,1.2992,1.2603,-1.35,1.2669,1.2843,1.2862,1.28178,1.3176700000000001,1.3060649999999998,0.009909944500366603,1.2925
2009-03-08,1.2925,1.2626,1.2755,1.2456,-0.22,1.2641,1.2669,1.2843,1.27896,1.30345,1.302225,0.012775288646459227,1.3583
2009-03-15,1.3583,1.2669,1.2959,1.2554,2.25,1.2925,1.2641,1.2669,1.2788,1.29391,1.30373,0.012553883861194142,1.3301
2009-03-22,1.3301,1.2886,1.374,1.2837,5.09,1.3583,1.2925,1.2641,1.29322,1.29534,1.30798,0.038262932454274,1.3483
2009-03-29,1.3483,1.3634,1.3738,1.3258,-2.08,1.3301,1.3583,1.2925,1.30238,1.29531,1.3107900000000001,0.040979409463782215,1.3188
2009-04-05,1.3188,1.3227,1.3519,1.3114,1.37,1.3483,1.3301,1.3583,1.3186600000000002,1.30022,1.315035,0.03950275939729147,1.3041
2009-04-12,1.3041,1.3512,1.3584,1.3091,-2.19,1.3188,1.3483,1.3301,1.3296,1.3042799999999999,1.31807,0.025819953524363354,1.3255
2009-04-19,1.3255,1.319,1.3394,1.3019,-1.11,1.3041,1.3188,1.3483,1.33192,1.3053599999999999,1.319785,0.021872402702956074,1.3266
2009-04-26,1.3266,1.3048,1.3304,1.2886,1.64,1.3255,1.3041,1.3188,1.32536,1.30929,1.32238,0.01615357545561631,1.3647
2009-05-03,1.3647,1.3243,1.3387,1.2965,0.08,1.3266,1.3255,1.3041,1.32466,1.31352,1.3218450000000002,0.015971631100181672,1.3496
2009-05-10,1.3496,1.3285,1.3651,1.3209,2.87,1.3647,1.3266,1.3255,1.3279400000000001,1.3233000000000001,1.3204850000000001,0.022421708231093494,1.3994
2009-05-17,1.3994,1.3649,1.3725,1.3464,-1.11,1.3496,1.3647,1.3266,1.3340999999999998,1.33185,1.31765,0.0234884013930339,1.4154
2009-05-24,1.4154,1.3487,1.4053,1.3423,3.69,1.3994,1.3496,1.3647,1.35316,1.34254,1.318225,0.030636954809514862,1.3975
2009-05-31,1.3975,1.4035,1.4171,1.3793,1.14,1.4154,1.3994,1.3496,1.37114,1.34825,1.321795,0.03621750957755425,1.4024
2009-06-07,1.4024,1.4125,1.434,1.3933,-1.26,1.3975,1.4154,1.3994,1.3853199999999999,1.3549900000000001,1.32515,0.027168492781165038,1.3943
2009-06-14,1.3943,1.3945,1.418,1.3806,0.35,1.4024,1.3975,1.4154,1.39286,1.3604,1.33031,0.025173358933606893,1.4053
2009-06-21,1.4053,1.3989,1.4014,1.375,-0.58,1.3943,1.4024,1.3975,1.4018000000000002,1.36795,1.336115,0.008151993621206324,1.3964
2009-06-28,1.3964,1.3952,1.4141,1.3826,0.79,1.4053,1.3943,1.4024,1.4029800000000001,1.37807,1.341715,0.008144752912162911,1.3933
2009-07-05,1.3933,1.4065,1.4204,1.393,-0.63,1.3964,1.4053,1.3943,1.39918,1.3851600000000002,1.347225,0.004532879879303462,1.4099
2009-07-12,1.4099,1.3958,1.4075,1.3833,-0.22,1.3933,1.3964,1.4053,1.3983400000000001,1.3918300000000001,1.352675,0.0052538557270062495,1.4205
2009-07-19,1.4205,1.3948,1.4168,1.3898,1.19,1.4099,1.3933,1.3964,1.39984,1.39635,1.359825,0.007353774541022574,1.425
2009-07-26,1.425,1.4117,1.4294,1.411,0.75,1.4205,1.4099,1.3933,1.40508,1.40344,1.367645,0.010899174280659042,1.4188
2009-08-02,1.4188,1.4228,1.4306,1.4008,0.32,1.425,1.4205,1.4099,1.4090200000000002,1.4060000000000001,1.37427,0.014091735166407635,1.4205
2009-08-09,1.4205,1.4269,1.4449,1.4155,-0.44,1.4188,1.425,1.4205,1.4135,1.4063400000000001,1.3772950000000002,0.012553286422294311,1.4323
2009-08-16,1.4323,1.4176,1.433,1.4085,0.12,1.4205,1.4188,1.425,1.4189399999999999,1.40864,1.381815,0.005552747067906489,1.4299
2009-08-23,1.4299,1.4188,1.4378,1.4047,0.83,1.4323,1.4205,1.4188,1.4234200000000001,1.41163,1.386015,0.0054714714657149825,1.4293
2009-08-30,1.4293,1.4344,1.4407,1.4207,-0.17,1.4299,1.4323,1.4205,1.4253,1.41519,1.39157,0.005821082373590831,1.457
2009-09-06,1.457,1.4308,1.438,1.4178,-0.04,1.4293,1.4299,1.4323,1.4261599999999999,1.4175900000000001,1.3978300000000001,0.006077664024946483,1.471
2009-09-13,1.471,1.4311,1.4637,1.4303,1.94,1.457,1.4293,1.4299,1.4338000000000002,1.4236499999999999,1.4044050000000001,0.013718964975541016,1.4688
2009-09-20,1.4688,1.4598,1.4769,1.4517,0.96,1.471,1.457,1.4293,1.4439,1.43142,1.411625,0.019037725704508762,1.4572
2009-09-27,1.4572,1.469,1.4844,1.4607,-0.15,1.4688,1.471,1.457,1.4512,1.4373099999999999,1.41683,0.020425107098865015,1.473
2009-10-04,1.473,1.47,1.4723,1.4482,-0.79,1.4572,1.4688,1.471,1.45666,1.4409800000000001,1.4222100000000002,0.01659813242506817,1.4906
2009-10-11,1.4906,1.4593,1.482,1.4582,1.08,1.473,1.4572,1.4688,1.4654000000000003,1.44578,1.42589,0.007721398837004108,1.5003
2009-10-18,1.5003,1.4725,1.497,1.4678,1.19,1.4906,1.473,1.4572,1.47212,1.4529600000000003,1.42965,0.012012160505091452,1.4718
2009-10-25,1.4718,1.4895,1.5063,1.483,0.65,1.5003,1.4906,1.473,1.47798,1.4609400000000001,1.43479,0.017308437248927798,1.4849
2009-11-01,1.4849,1.5001,1.5064,1.4684,-1.9,1.4718,1.5003,1.4906,1.47858,1.46489,1.43826,0.016959127336041525,1.4917
2009-11-08,1.4917,1.4714,1.4919,1.4625,0.89,1.4849,1.4718,1.5003,1.48412,1.47039,1.44279,0.012039808968586882,1.4861
2009-11-15,1.4861,1.4887,1.5051,1.4822,0.46,1.4917,1.4849,1.4718,1.48786,1.4766299999999999,1.44711,0.010531998860618062,1.4967
2009-11-22,1.4967,1.4924,1.5017,1.4798,-0.38,1.4861,1.4917,1.4849,1.48696,1.47954,1.451595,0.010431107323772568,1.4851
2009-11-29,1.4851,1.486,1.5146,1.4828,0.71,1.4967,1.4861,1.4917,1.48624,1.48211,1.456765,0.00934815489816375,1.4623
2009-12-06,1.4623,1.501,1.5141,1.4819,-0.78,1.4851,1.4967,1.4861,1.4889,1.48374,1.460525,0.005171073389544791,1.4343
2009-12-13,1.4343,1.4853,1.4907,1.4585,-1.54,1.4623,1.4851,1.4967,1.48438,1.48425,1.462615,0.013194392748439199,1.4397
2009-12-20,1.4397,1.4625,1.4686,1.4259,-1.91,1.4343,1.4623,1.4851,1.4728999999999999,1.4803799999999998,1.46308,0.024959166652756708,1.4326
2009-12-27,1.4326,1.4305,1.4436,1.4217,0.38,1.4397,1.4343,1.4623,1.46362,1.4752899999999998,1.464125,0.02733700788308947,1.4413
2010-01-03,1.4413,1.4378,1.4461,1.4274,-0.49,1.4326,1.4397,1.4343,1.4508,1.46852,1.46473,0.02255792543653155,1.4385
2010-01-10,1.4385,1.4324,1.4484,1.4257,0.61,1.4413,1.4326,1.4397,1.44204,1.46547,1.46518,0.011890248105070484,1.4138
2010-01-17,1.4138,1.4433,1.4585,1.4338,-0.19,1.4385,1.4413,1.4326,1.43728,1.46083,1.46561,0.003684019543941633,1.3864
2010-01-24,1.3864,1.4339,1.4414,1.4026,-1.72,1.4138,1.4385,1.4413,1.43318,1.45304,1.4648349999999999,0.011321086520301596,1.3664
2010-01-31,1.3664,1.416,1.4198,1.3861,-1.94,1.3864,1.4138,1.4385,1.42252,1.44307,1.461305,0.022860161854199066,1.3618
2010-02-07,1.3618,1.3864,1.4028,1.3586,-1.44,1.3664,1.3864,1.4138,1.40928,1.43004,1.456075,0.03264087927737552,1.3615
2010-02-14,1.3615,1.3666,1.3841,1.3532,-0.34,1.3618,1.3664,1.3864,1.39338,1.41771,1.4507249999999998,0.03250664547442929,1.3626
2010-02-21,1.3626,1.3613,1.379,1.3443,-0.02,1.3615,1.3618,1.3664,1.37798,1.40763,1.44594,0.022480258005642805,1.3622
2010-02-28,1.3622,1.3638,1.3693,1.3451,0.08,1.3626,1.3615,1.3618,1.36774,1.40046,1.44042,0.010614047295932417,1.3763
2010-03-07,1.3763,1.3625,1.3737,1.3433,-0.03,1.3622,1.3626,1.3615,1.3629,1.3927100000000001,1.434,0.0020000000000750273,1.3534
2010-03-14,1.3534,1.363,1.3798,1.3535,1.04,1.3763,1.3622,1.3626,1.36488,1.3870799999999999,1.4278,0.006397421355538158,1.3413
2010-03-21,1.3413,1.3777,1.382,1.3502,-1.66,1.3534,1.3763,1.3622,1.3632,1.37829,1.42188,0.00824469526424722,1.3504
2010-03-28,1.3504,1.3527,1.3572,1.3268,-0.89,1.3413,1.3534,1.3763,1.35916,1.36857,1.4147,0.012913287730098482,1.3499
2010-04-04,1.3499,1.3488,1.3593,1.3384,0.68,1.3504,1.3413,1.3534,1.35672,1.3622299999999998,1.4076350000000002,0.013249037700916916,1.3499
2010-04-11,1.3499,1.3491,1.3541,1.3281,-0.04,1.3499,1.3504,1.3413,1.35426,1.3585800000000001,1.400825,0.013118422161232808,1.3386
2010-04-18,1.3386,1.3623,1.3694,1.3473,0.0,1.3499,1.3499,1.3504,1.3489799999999998,1.35693,1.393485,0.004533982796652213,1.3298
2010-04-25,1.3298,1.348,1.3525,1.3202,-0.84,1.3386,1.3499,1.3499,1.34602,1.35461,1.38616,0.0056264553673113695,1.2762
2010-05-02,1.2762,1.3347,1.3416,1.3115,-0.66,1.3298,1.3386,1.3499,1.34372,1.35144,1.379535,0.009232930195791165,1.2363
2010-05-09,1.2363,1.3343,1.3343,1.2523,-4.03,1.2762,1.3298,1.3386,1.32888,1.3428,1.3716300000000001,0.030635714452259627,1.2573
2010-05-16,1.2573,1.2935,1.3096,1.2355,-3.13,1.2363,1.2762,1.3298,1.30616,1.33021,1.36146,0.04822450621831645,1.227
2010-05-23,1.227,1.2352,1.2675,1.2145,1.7,1.2573,1.2363,1.2762,1.2876400000000001,1.31831,1.352695,0.0448931286501674,1.1976
2010-05-30,1.1976,1.2548,1.2562,1.2155,-2.41,1.227,1.2573,1.2363,1.26532,1.30567,1.34198,0.040776672252656125,1.2113
2010-06-06,1.2113,1.2276,1.2356,1.1956,-2.4,1.1976,1.227,1.2573,1.2388800000000002,1.2913000000000001,1.329935,0.029932874903700894,1.2387
2010-06-13,1.2387,1.1948,1.2155,1.1878,1.14,1.2113,1.1976,1.227,1.2259,1.27739,1.31981,0.02296399355514287,1.2377
2010-06-20,1.2377,1.2127,1.2419,1.2116,2.26,1.2387,1.2113,1.1976,1.22638,1.26627,1.312425,0.023258912270367277,1.2563
2010-06-27,1.2563,1.244,1.247,1.221,-0.08,1.2377,1.2387,1.2113,1.2224599999999999,1.25505,1.30599,0.017742406826601956,1.2637
2010-07-04,1.2637,1.2374,1.2616,1.2152,1.5,1.2563,1.2377,1.2387,1.22832,1.24682,1.300715,0.023515994556910353,1.2933
2010-07-11,1.2933,1.2559,1.2725,1.2481,0.59,1.2637,1.2563,1.2377,1.24154,1.2402099999999998,1.295825,0.02028664585387657,1.2907
2010-07-18,1.2907,1.2642,1.301,1.2523,2.34,1.2933,1.2637,1.2563,1.25794,1.24192,1.29236,0.02272681235898617,1.3048
2010-07-25,1.3048,1.2896,1.3031,1.2733,-0.2,1.2907,1.2933,1.2637,1.26834,1.24736,1.288785,0.02360228802469246,1.3285
2010-08-01,1.3285,1.2903,1.3109,1.2877,1.09,1.3048,1.2907,1.2933,1.28176,1.2521099999999998,1.28521,0.02072626353206266,1.2752
2010-08-08,1.2752,1.3063,1.3336,1.3054,1.82,1.3285,1.3048,1.2907,1.2962,1.26226,1.2839649999999998,0.02351680250375205,1.2708
2010-08-15,1.2708,1.3292,1.331,1.275,-4.01,1.2752,1.3285,1.3048,1.2985,1.27002,1.28066,0.01981451488178491,1.2765
2010-08-22,1.2765,1.2761,1.2926,1.2664,-0.35,1.2708,1.2752,1.3285,1.294,1.27597,1.27668,0.023502446681154004,1.2896
2010-08-29,1.2896,1.2706,1.2781,1.2587,0.45,1.2765,1.2708,1.2752,1.29116,1.27975,1.27301,0.02482182507392424,1.268
2010-09-05,1.268,1.2768,1.29,1.2626,1.03,1.2896,1.2765,1.2708,1.28812,1.28494,1.269995,0.023636137586342275,1.3048
2010-09-12,1.3048,1.289,1.2921,1.2645,-1.67,1.268,1.2896,1.2765,1.27602,1.28611,1.266465,0.008319975961535771,1.3491
2010-09-19,1.3491,1.2709,1.3162,1.2704,2.9,1.3048,1.268,1.2896,1.28194,1.2902200000000001,1.265215,0.015241981498496768,1.3792
2010-09-26,1.3792,1.3055,1.3498,1.3028,3.4,1.3491,1.3048,1.268,1.2976,1.2958,1.26886,0.03197444291931414,1.3943
2010-10-03,1.3943,1.3482,1.3796,1.3383,2.23,1.3792,1.3491,1.3048,1.31814,1.30465,1.276005,0.045258568249563855,1.3979
2010-10-10,1.3979,1.3793,1.4031,1.3638,1.09,1.3943,1.3792,1.3491,1.3390799999999998,1.3136,1.282855,0.05240884467339818,1.3952
2010-10-17,1.3952,1.3995,1.416,1.3774,0.26,1.3979,1.3943,1.3792,1.3650600000000002,1.32054,1.2913999999999999,0.038792305938166426,1.395
2010-10-24,1.395,1.3977,1.4053,1.3699,-0.19,1.3952,1.3979,1.3943,1.3831399999999998,1.33254,1.3012799999999998,0.020384381275875205,1.4034
2010-10-31,1.4034,1.3958,1.4083,1.3735,-0.01,1.395,1.3952,1.3979,1.39232,1.34496,1.310465,0.007461032100200697,1.3693
2010-11-07,1.3693,1.3964,1.4284,1.3863,0.6,1.4034,1.395,1.3952,1.39716,1.35765,1.3187,0.0037473990980695085,1.3687
2010-11-14,1.3687,1.4053,1.4087,1.3573,-2.43,1.3693,1.4034,1.395,1.39216,1.36562,1.3252799999999998,0.013220930375742292,1.3243
2010-11-21,1.3243,1.3712,1.3752,1.3449,-0.04,1.3687,1.3693,1.4034,1.38632,1.37569,1.3309,0.016171487253813056,1.3415
2010-11-28,1.3415,1.3717,1.3789,1.3199,-3.24,1.3243,1.3687,1.3693,1.3721400000000001,1.37764,1.33393,0.030855842234498575,1.3234
2010-12-05,1.3234,1.3285,1.3418,1.2965,1.3,1.3415,1.3243,1.3687,1.36144,1.3768799999999999,1.33634,0.030216353188303284,1.3182
2010-12-12,1.3182,1.3383,1.3422,1.3164,-1.35,1.3234,1.3415,1.3243,1.34544,1.3713000000000002,1.337975,0.02268541381593716,1.3118
2010-12-19,1.3118,1.3207,1.35,1.3133,-0.39,1.3182,1.3234,1.3415,1.33522,1.3636899999999998,1.338645,0.020669954039627913,1.3379
2010-12-26,1.3379,1.3182,1.3205,1.3056,-0.49,1.3118,1.3182,1.3234,1.3238400000000001,1.3550799999999998,1.33781,0.011057260058457112,1.2919
2011-01-02,1.2919,1.3116,1.3427,1.3073,1.99,1.3379,1.3118,1.3182,1.32656,1.34935,1.340945,0.012742958840094638,1.3377
2011-01-09,1.3377,1.3348,1.3436,1.2906,-3.44,1.2919,1.3379,1.3118,1.31664,1.3390400000000002,1.342,0.016849421355060457,1.3618
2011-01-16,1.3618,1.2882,1.3458,1.2873,3.55,1.3377,1.2919,1.3379,1.3195000000000001,1.33247,1.34506,0.019316702617174587,1.3613
2011-01-23,1.3613,1.3384,1.3629,1.3246,1.8,1.3618,1.3377,1.2919,1.32822,1.33172,1.3486699999999998,0.02692558263065701,1.3586
2011-01-30,1.3586,1.3638,1.376,1.3537,-0.04,1.3613,1.3618,1.3377,1.33812,1.3309799999999998,1.353335,0.02843663130541867,1.3549
2011-02-06,1.3549,1.3599,1.3862,1.3542,-0.2,1.3586,1.3613,1.3618,1.34226,1.3344099999999999,1.356025,0.029867423725529266,1.3697
2011-02-13,1.3697,1.3564,1.3747,1.3498,-0.27,1.3549,1.3586,1.3613,1.35486,1.3357500000000002,1.356315,0.009976121490854068,1.3751
2011-02-20,1.3751,1.351,1.3718,1.3428,1.09,1.3697,1.3549,1.3586,1.3612600000000001,1.3403800000000001,1.3558400000000002,0.005455547635229804,1.3985
2011-02-27,1.3985,1.3702,1.3838,1.3525,0.39,1.3751,1.3697,1.3549,1.3639199999999998,1.34607,1.35488,0.008290476464007069,1.391
2011-03-06,1.391,1.3759,1.4009,1.3712,1.7,1.3985,1.3751,1.3697,1.37136,1.35474,1.3549099999999998,0.017226955621938482,1.4179
2011-03-13,1.4179,1.3998,1.404,1.3752,-0.54,1.391,1.3985,1.3751,1.37784,1.36005,1.3547,0.017320739014263262,1.4084
2011-03-20,1.4084,1.3964,1.4187,1.3855,1.93,1.4179,1.391,1.3985,1.39044,1.37265,1.355845,0.019266499422577715,1.4231
2011-03-27,1.4231,1.4184,1.4252,1.4052,-0.67,1.4084,1.4179,1.391,1.39818,1.37972,1.356095,0.01641392701336787,1.4481
2011-04-03,1.4481,1.4048,1.4248,1.4022,1.04,1.4231,1.4084,1.4179,1.40778,1.38585,1.3587850000000001,0.013277688051770957,1.4432
2011-04-10,1.4432,1.4226,1.4491,1.4152,1.76,1.4481,1.4231,1.4084,1.4177,1.39453,1.3627550000000002,0.020932868890816487,1.4556
2011-04-17,1.4556,1.4456,1.4523,1.4365,-0.34,1.4432,1.4481,1.4231,1.42814,1.40299,1.3687,0.016919899526890988,1.4802
2011-04-24,1.4802,1.4418,1.465,1.4156,0.86,1.4556,1.4432,1.4481,1.43568,1.4130600000000002,1.3744049999999999,0.019429796705062667,1.431
2011-05-01,1.431,1.4561,1.4884,1.4495,1.69,1.4802,1.4556,1.4432,1.45004,1.42411,1.382245,0.020717456407581113,1.4121
2011-05-08,1.4121,1.4825,1.4941,1.431,-3.32,1.431,1.4802,1.4556,1.45162,1.4297,1.387885,0.018310707250131515,1.4155
2011-05-15,1.4155,1.437,1.4444,1.4067,-1.32,1.4121,1.431,1.4802,1.44442,1.43106,1.3929,0.025648430751218244,1.4324
2011-05-22,1.4324,1.4081,1.4348,1.4049,0.24,1.4155,1.4121,1.431,1.43888,1.4335099999999998,1.3967800000000001,0.02877841204792318,1.4637
2011-05-29,1.4637,1.4132,1.4325,1.3971,1.19,1.4324,1.4155,1.4121,1.43424,1.4349599999999998,1.4038049999999997,0.02723771282615446,1.4348
2011-06-05,1.4348,1.4315,1.4645,1.4257,2.19,1.4637,1.4324,1.4155,1.43094,1.44049,1.4101050000000002,0.020424813340642018,1.4311
2011-06-12,1.4311,1.463,1.4699,1.4323,-1.97,1.4348,1.4637,1.4324,1.4317,1.44166,1.413755,0.020498170650086484,1.4193
2011-06-19,1.4193,1.4331,1.4501,1.4074,-0.26,1.4311,1.4348,1.4637,1.4355,1.43996,1.417245,0.017497857011647456,1.4525
2011-06-26,1.4525,1.4275,1.4444,1.4128,-0.82,1.4193,1.4311,1.4348,1.43626,1.43757,1.42028,0.016463991010689294,1.427
2011-07-03,1.427,1.4193,1.4554,1.4104,2.34,1.4525,1.4193,1.4311,1.44028,1.43726,1.42516,0.01769384073625769,1.4153
2011-07-10,1.4153,1.4543,1.458,1.4207,-1.76,1.427,1.4525,1.4193,1.43294,1.43194,1.428025,0.012356900905973934,1.4356
2011-07-17,1.4356,1.4218,1.4284,1.3838,-0.82,1.4153,1.427,1.4525,1.42904,1.4303700000000001,1.430035,0.014512339577065525,1.4396
2011-07-24,1.4396,1.4114,1.4441,1.4012,1.43,1.4356,1.4153,1.427,1.4299399999999998,1.43272,1.4318899999999999,0.014808544830605784,1.4282
2011-07-31,1.4282,1.4397,1.4537,1.4229,0.28,1.4396,1.4356,1.4153,1.434,1.43513,1.43432,0.013918153613179335,1.4249
2011-08-07,1.4249,1.4359,1.4455,1.4056,-0.79,1.4282,1.4396,1.4356,1.4291399999999999,1.4347100000000002,1.434835,0.009329415844524394,1.4398
2011-08-14,1.4398,1.4386,1.4402,1.4103,-0.23,1.4249,1.4282,1.4396,1.4287199999999998,1.4308299999999998,1.43566,0.009495630574114773,1.4499
2011-08-21,1.4499,1.4261,1.452,1.4259,1.05,1.4398,1.4249,1.4282,1.43362,1.43133,1.4364949999999999,0.006769194929979271,1.4205
2011-08-28,1.4205,1.4376,1.4503,1.4327,0.7,1.4499,1.4398,1.4249,1.43648,1.43321,1.4365849999999998,0.010043754278159813,1.3653
2011-09-04,1.3653,1.4498,1.4551,1.4184,-2.03,1.4205,1.4499,1.4398,1.4326599999999998,1.43333,1.43545,0.012001791532936141,1.38
2011-09-11,1.38,1.4167,1.4277,1.3628,-3.89,1.3653,1.4205,1.4499,1.42008,1.42461,1.430935,0.032796219294303944,1.3498
2011-09-18,1.3498,1.357,1.3939,1.3502,1.08,1.38,1.3653,1.4205,1.4110999999999998,1.41991,1.4259249999999999,0.03702141272291059,1.3386
2011-09-25,1.3386,1.3673,1.3791,1.3385,-2.19,1.3498,1.38,1.3653,1.3931,1.41336,1.421865,0.041219958757865154,1.3377
2011-10-02,1.3377,1.3509,1.3691,1.3363,-0.83,1.3386,1.3498,1.38,1.37084,1.40366,1.41819,0.03187009570114488,1.3877
2011-10-09,1.3877,1.3338,1.3527,1.3147,-0.07,1.3377,1.3386,1.3498,1.35428,1.39347,1.4143,0.018191948768621607,1.3896
2011-10-16,1.3896,1.3397,1.3896,1.3378,3.74,1.3877,1.3377,1.3386,1.35876,1.3894199999999999,1.4120650000000001,0.02355255824746317,1.4148
2011-10-23,1.4148,1.3885,1.3916,1.3653,0.14,1.3896,1.3877,1.3377,1.36068,1.38589,1.4083599999999998,0.025982821247896484,1.3796
2011-10-30,1.3796,1.3866,1.4249,1.3798,1.81,1.4148,1.3896,1.3877,1.3736799999999998,1.38339,1.40736,0.03415416519255186,1.3752
2011-11-06,1.3752,1.415,1.4171,1.361,-2.49,1.3796,1.4148,1.3896,1.38188,1.37636,1.404785,0.027992266789242118,1.351
2011-11-13,1.351,1.3838,1.3861,1.3483,-0.32,1.3752,1.3796,1.4148,1.38938,1.3718299999999999,1.40258,0.01537667064094475,1.3234
2011-11-20,1.3234,1.3807,1.3813,1.3422,-1.76,1.351,1.3752,1.3796,1.38204,1.3703999999999998,1.397505,0.02316566424690015,1.3403
2011-11-27,1.3403,1.3506,1.3569,1.3211,-2.04,1.3234,1.351,1.3752,1.3687999999999998,1.3647399999999998,1.392325,0.03410131962256211,1.3375
2011-12-04,1.3375,1.3318,1.3549,1.3258,1.28,1.3403,1.3234,1.351,1.3539,1.36379,1.388575,0.023652695406658618,1.3035
2011-12-11,1.3035,1.3438,1.3489,1.3283,-0.21,1.3375,1.3403,1.3234,1.34548,1.36368,1.38367,0.01931183574909927,1.3043
2011-12-18,1.3043,1.3384,1.3388,1.2947,-2.54,1.3035,1.3375,1.3403,1.33114,1.36026,1.376865,0.018321108045099746,1.2948
2011-12-25,1.2948,1.3045,1.3199,1.2982,0.06,1.3043,1.3035,1.3375,1.3218,1.35192,1.37067,0.017553062410879693,1.2721
2012-01-01,1.2721,1.3047,1.3085,1.2858,-0.73,1.2948,1.3043,1.3035,1.3160800000000001,1.34244,1.364165,0.021185419514379453,1.2677
2012-01-08,1.2677,1.2938,1.3077,1.2696,-1.75,1.2721,1.2948,1.3043,1.30244,1.32817,1.35578,0.023519523804709012,1.2938
2012-01-15,1.2938,1.2691,1.2879,1.2624,-0.35,1.2677,1.2721,1.2948,1.28848,1.31698,1.34667,0.017435079581128922,1.3226
2012-01-22,1.3226,1.2637,1.2986,1.2624,2.06,1.2938,1.2677,1.2721,1.28654,1.30884,1.340335,0.01580990196048987,1.3144
2012-01-29,1.3144,1.2872,1.323,1.2872,2.23,1.3226,1.2938,1.2677,1.2902,1.306,1.3382,0.021896004201687,1.3175
2012-02-05,1.3175,1.3224,1.323,1.3024,-0.62,1.3144,1.3226,1.2938,1.29412,1.3051,1.3349199999999999,0.02452237753563645,1.3152
2012-02-12,1.3152,1.3113,1.3323,1.3028,0.24,1.3175,1.3144,1.3226,1.3032,1.30282,1.333305,0.022665502421086253,1.3457
2012-02-19,1.3457,1.3207,1.3283,1.2973,-0.17,1.3152,1.3175,1.3144,1.3127,1.30059,1.3321349999999998,0.011038568747815485,1.3203
2012-02-26,1.3203,1.3187,1.3489,1.3175,2.32,1.3457,1.3152,1.3175,1.3230799999999998,1.30481,1.332535,0.013042890783880238,1.3114
2012-03-04,1.3114,1.3466,1.3487,1.3188,-1.89,1.3203,1.3457,1.3152,1.3226200000000001,1.30641,1.329165,0.013104464887977254,1.3175
2012-03-11,1.3175,1.319,1.3291,1.3096,-0.67,1.3114,1.3203,1.3457,1.32202,1.30807,1.3252549999999998,0.013632938054587882,1.3273
2012-03-18,1.3273,1.3112,1.3193,1.3004,0.47,1.3175,1.3114,1.3203,1.32202,1.3126099999999998,1.3203900000000002,0.013632938054587882,1.3344
2012-03-25,1.3344,1.3181,1.3295,1.3135,0.74,1.3273,1.3175,1.3114,1.32444,1.3185699999999998,1.317775,0.013186280749332839,1.3096
2012-04-01,1.3096,1.3272,1.3386,1.3191,0.53,1.3344,1.3273,1.3175,1.32218,1.32263,1.315735,0.008904886299118661,1.3077
2012-04-08,1.3077,1.336,1.3382,1.3035,-1.86,1.3096,1.3344,1.3273,1.32004,1.32133,1.3136649999999999,0.010594951628027136,1.3224
2012-04-15,1.3224,1.3102,1.3215,1.3034,-0.15,1.3077,1.3096,1.3344,1.3193,1.32066,1.31288,0.011444430960088639,1.3255
2012-04-22,1.3255,1.3068,1.3228,1.2995,1.12,1.3224,1.3077,1.3096,1.32028,1.3211499999999998,1.311985,0.011461544398563102,1.3083
2012-04-29,1.3083,1.3194,1.3273,1.3106,0.23,1.3255,1.3224,1.3077,1.31992,1.32218,1.311385,0.011211467343761645,1.2917
2012-05-06,1.2917,1.3241,1.3285,1.3079,-1.3,1.3083,1.3255,1.3224,1.3147,1.31844,1.3116249999999998,0.008542540605712393,1.2783
2012-05-13,1.2783,1.303,1.3067,1.2905,-1.27,1.2917,1.3083,1.3255,1.31112,1.31558,1.310995,0.013516730373882999,1.2517
2012-05-20,1.2517,1.2882,1.2905,1.2641,-1.04,1.2783,1.2917,1.3083,1.30524,1.3122700000000003,1.3101699999999998,0.020145669509853987,1.2435
2012-05-27,1.2435,1.2783,1.2826,1.2497,-2.08,1.2517,1.2783,1.2917,1.2911000000000001,1.30569,1.30915,0.028265526706578108,1.2517
2012-06-03,1.2517,1.2569,1.2626,1.2288,-0.66,1.2435,1.2517,1.2783,1.2747,1.29731,1.3079399999999999,0.02708025110667004,1.2638
2012-06-10,1.2638,1.2433,1.2626,1.2386,0.66,1.2517,1.2435,1.2517,1.2633800000000002,1.28904,1.305835,0.02057114483932091,1.257
2012-06-17,1.257,1.2659,1.267,1.2443,0.97,1.2638,1.2517,1.2435,1.2578,1.2844600000000002,1.302895,0.013556917053678806,1.266
2012-06-24,1.266,1.2722,1.2749,1.252,-0.54,1.257,1.2638,1.2517,1.2535399999999999,1.27939,1.3000250000000002,0.007496866011896869,1.2288
2012-07-01,1.2288,1.2553,1.2694,1.2407,0.72,1.266,1.257,1.2638,1.2564,1.2737500000000002,1.29745,0.009162150402625451,1.2252
2012-07-08,1.2252,1.2672,1.2674,1.226,-2.94,1.2288,1.266,1.257,1.25346,1.26408,1.2931300000000001,0.014898926135810411,1.2157
2012-07-15,1.2157,1.2271,1.2334,1.2161,-0.29,1.2252,1.2288,1.266,1.24816,1.2557699999999998,1.287105,0.01964046842619446,1.2319
2012-07-22,1.2319,1.2255,1.2322,1.2144,-0.78,1.2157,1.2252,1.2288,1.23854,1.24817,1.2818749999999999,0.021733108383302096,1.2387
2012-07-29,1.2387,1.2119,1.239,1.2041,1.33,1.2319,1.2157,1.2252,1.23352,1.24353,1.2779,0.01914828974087151,1.229
2012-08-05,1.229,1.2342,1.2406,1.2134,0.55,1.2387,1.2319,1.2157,1.22806,1.24223,1.27396,0.00850664446185289,1.2334
2012-08-12,1.2334,1.2378,1.2443,1.2239,-0.78,1.229,1.2387,1.2319,1.2281,1.24078,1.269045,0.008511462859013864,1.2513
2012-08-19,1.2513,1.228,1.2386,1.2255,0.36,1.2334,1.229,1.2387,1.22974,1.2389499999999998,1.263995,0.008602499636755025,1.2577
2012-08-26,1.2577,1.2344,1.259,1.2294,1.45,1.2513,1.2334,1.229,1.23686,1.2376999999999998,1.26108,0.008806985863526866,1.2816
2012-09-02,1.2816,1.2512,1.2638,1.2465,0.51,1.2577,1.2513,1.2334,1.2420200000000001,1.2377699999999998,1.2585799999999998,0.012112266509632106,1.3127
2012-09-09,1.3127,1.2567,1.2818,1.2501,1.9,1.2816,1.2577,1.2513,1.2506000000000002,1.23933,1.25654,0.021061220287541375,1.298
2012-09-16,1.298,1.2809,1.3171,1.2755,2.43,1.3127,1.2816,1.2577,1.2673400000000001,1.24772,1.2559,0.03067169705119561,1.2858
2012-09-23,1.2858,1.3127,1.3169,1.2919,-1.12,1.298,1.3127,1.2816,1.28026,1.2550000000000001,1.255385,0.026059988488107682,1.3034
2012-09-30,1.3034,1.298,1.299,1.2828,-0.94,1.2858,1.298,1.3127,1.28716,1.26201,1.25509,0.020435581714262394,1.295
2012-10-07,1.295,1.2859,1.3072,1.2803,1.37,1.3034,1.2858,1.298,1.2963,1.2691599999999998,1.256345,0.012733813254492328,1.3022
2012-10-14,1.3022,1.303,1.3035,1.2824,-0.64,1.295,1.3034,1.2858,1.2989799999999998,1.2747899999999999,1.25851,0.009978577052880952,1.2942
2012-10-21,1.2942,1.2956,1.314,1.289,0.56,1.3022,1.295,1.3034,1.29688,1.28211,1.261445,0.007042158759946067,1.2837
2012-10-28,1.2837,1.3014,1.3085,1.2883,-0.61,1.2942,1.3022,1.295,1.29612,1.2881900000000002,1.26357,0.0070959143174284525,1.2709
2012-11-04,1.2709,1.2948,1.3022,1.282,-0.81,1.2837,1.2942,1.3022,1.2957,1.29143,1.264565,0.007878451624544397,1.2744
2012-11-11,1.2744,1.2812,1.2877,1.2689,-1.0,1.2709,1.2837,1.2942,1.2892,1.29275,1.26526,0.012173536873082301,1.2976
2012-11-18,1.2976,1.2712,1.2803,1.2662,0.28,1.2744,1.2709,1.2837,1.28508,1.29203,1.2656800000000001,0.013165371244302143,1.2986
2012-11-25,1.2986,1.2738,1.2992,1.2729,1.82,1.2976,1.2744,1.2709,1.28416,1.2905200000000001,1.26912,0.011755126541228669,1.2927
2012-12-02,1.2927,1.2973,1.3028,1.2879,0.08,1.2986,1.2976,1.2744,1.28504,1.2905799999999998,1.27279,0.012811830470323048,1.3163
2012-12-09,1.3163,1.2986,1.3129,1.2881,-0.45,1.2927,1.2986,1.2976,1.28684,1.2912700000000001,1.27664,0.01320276486196347,1.3188
2012-12-16,1.3188,1.2902,1.3175,1.288,1.83,1.3163,1.2927,1.2986,1.29592,1.29256,1.2808599999999999,0.014990230151678514,1.3216
2012-12-23,1.3216,1.319,1.331,1.3144,0.19,1.3188,1.3163,1.2927,1.3047999999999997,1.29494,1.2848650000000001,0.011884233252519324,1.3069
2012-12-30,1.3069,1.319,1.3287,1.3167,0.21,1.3216,1.3188,1.3163,1.3096,1.29688,1.289495,0.01303974693007059,1.3344
2013-01-06,1.3344,1.3213,1.3301,1.2999,-1.11,1.3069,1.3216,1.3188,1.31126,1.29815,1.29317,0.011754275817773076,1.3319
2013-01-13,1.3319,1.3071,1.3366,1.3017,2.1,1.3344,1.3069,1.3216,1.3195999999999999,1.30322,1.297325,0.009948115399425318,1.3462
2013-01-20,1.3462,1.3342,1.3405,1.3258,-0.19,1.3319,1.3344,1.3069,1.32272,1.30932,1.3010350000000002,0.011040697441750798,1.364
2013-01-27,1.364,1.3321,1.3481,1.3264,1.07,1.3462,1.3319,1.3344,1.3282000000000003,1.3165,1.304265,0.014776501615750674,1.3365
2013-02-03,1.3365,1.3464,1.3712,1.3414,1.32,1.364,1.3462,1.3319,1.3366799999999999,1.32314,1.3068300000000002,0.02092790003799434,1.3363
2013-02-10,1.3363,1.3643,1.366,1.3354,-2.02,1.3365,1.364,1.3462,1.3426,1.32693,1.3087550000000001,0.01313259304175233,1.319
2013-02-17,1.319,1.3359,1.3521,1.3306,-0.01,1.3363,1.3365,1.364,1.34298,1.33129,1.31128,0.012860676498547103,1.3022
2013-02-24,1.3022,1.3359,1.3436,1.3146,-1.29,1.319,1.3363,1.3365,1.3404,1.33156,1.3120600000000002,0.01643608834243364,1.3006
2013-03-03,1.3006,1.3176,1.3319,1.2967,-1.27,1.3022,1.319,1.3363,1.3316,1.3298999999999999,1.31242,0.023016189954036356,1.3076
2013-03-10,1.3076,1.3018,1.3136,1.2957,-0.12,1.3006,1.3022,1.319,1.3189199999999999,1.3278,1.31234,0.017509340364510757,1.2988
2013-03-17,1.2988,1.2999,1.3109,1.2912,0.54,1.3076,1.3006,1.3022,1.31314,1.32787,1.31301,0.014818501948587347,1.282
2013-03-24,1.282,1.2959,1.3011,1.2845,-0.67,1.2988,1.3076,1.3006,1.30564,1.32431,1.313765,0.008160147057516188,1.299
2013-03-31,1.299,1.2973,1.3051,1.2752,-1.29,1.282,1.2988,1.3076,1.2982399999999998,1.3193199999999998,1.31432,0.009655464773913991,1.3112
2013-04-07,1.3112,1.2814,1.3041,1.2746,1.33,1.299,1.282,1.2988,1.2976,1.3146,1.31555,0.009430800602297472,1.3052
2013-04-14,1.3052,1.2974,1.3139,1.2962,0.94,1.3112,1.299,1.282,1.29972,1.30932,1.31623,0.011283261939718122,1.3028
2013-04-21,1.3028,1.3132,1.3202,1.3001,-0.46,1.3052,1.3112,1.299,1.2992399999999997,1.30619,1.31656,0.010909078787885414,1.3115
2013-04-28,1.3115,1.3081,1.3095,1.2957,-0.18,1.3028,1.3052,1.3112,1.30004,1.30284,1.317065,0.011014899000911935,1.2993
2013-05-05,1.2993,1.3031,1.3244,1.3028,0.67,1.3115,1.3028,1.3052,1.3059399999999999,1.30209,1.316825,0.005411838874198602,1.2839
2013-05-12,1.2839,1.3114,1.3195,1.2936,-0.93,1.2993,1.3115,1.3028,1.3059999999999998,1.3018,1.31585,0.005316483800434941,1.2932
2013-05-19,1.2932,1.2957,1.3029,1.2796,-1.19,1.2839,1.2993,1.3115,1.3005400000000003,1.3001299999999998,1.313965,0.010312274239967197,1.2999
2013-05-26,1.2999,1.2812,1.3001,1.2805,0.72,1.2932,1.2839,1.2993,1.29814,1.2986900000000001,1.31328,0.01035292229277769,1.3223
2013-06-02,1.3223,1.2929,1.3065,1.2841,0.52,1.2999,1.2932,1.2839,1.29756,1.2988,1.311555,0.010104850320528946,1.3347
2013-06-09,1.3347,1.2983,1.3305,1.2955,1.72,1.3223,1.2999,1.2932,1.29972,1.30283,1.311075,0.014167286260970817,1.3123
2013-06-16,1.3123,1.3207,1.3391,1.3177,0.94,1.3347,1.3223,1.2999,1.3068,1.3063999999999998,1.3105,0.021069171791987678,1.301
2013-06-23,1.301,1.3341,1.3416,1.3099,-1.68,1.3123,1.3347,1.3223,1.3124799999999999,1.3065099999999998,1.307915,0.016734455473671302,1.2832
2013-06-30,1.2832,1.3117,1.3152,1.2985,-0.86,1.301,1.3123,1.3347,1.3140399999999999,1.30609,1.3061399999999999,0.014731530809806785,1.3068
2013-07-07,1.3068,1.3007,1.308,1.2807,-1.37,1.2832,1.301,1.3123,1.3107,1.30413,1.303485,0.019770306016859994,1.3142
2013-07-14,1.3142,1.2826,1.3203,1.2756,1.84,1.3068,1.2832,1.301,1.3075999999999999,1.30366,1.3028749999999998,0.018681943153759248,1.3279
2013-07-21,1.3279,1.3066,1.3176,1.2994,0.57,1.3142,1.3068,1.2832,1.3035,1.3051499999999998,1.303475,0.012461540835719124,1.3283
2013-07-28,1.3283,1.314,1.3297,1.3129,1.04,1.3279,1.3142,1.3068,1.3066200000000001,1.3095500000000002,1.30484,0.016510663221091203,1.3343
2013-08-04,1.3343,1.3274,1.3346,1.319,0.03,1.3283,1.3279,1.3142,1.31208,1.31306,1.305875,0.018572748854175813,1.3329
2013-08-11,1.3329,1.3274,1.3401,1.3232,0.45,1.3343,1.3283,1.3279,1.3223,1.3165,1.30765,0.011371235640873716,1.3382
2013-08-18,1.3382,1.3338,1.338,1.3205,-0.1,1.3329,1.3343,1.3283,1.32752,1.31756,1.310195,0.007954369868208938,1.3222
2013-08-25,1.3222,1.3327,1.3453,1.3298,0.4,1.3382,1.3329,1.3343,1.33232,1.31791,1.312155,0.004316480047476817,1.318
2013-09-01,1.318,1.3384,1.3401,1.3175,-1.2,1.3222,1.3382,1.3329,1.33118,1.3189,1.312705,0.006142230865106491,1.3294
2013-09-08,1.3294,1.3233,1.3237,1.3104,-0.32,1.318,1.3222,1.3382,1.32912,1.3206,1.313345,0.008589353875599082,1.3524
2013-09-15,1.3524,1.317,1.3326,1.316,0.86,1.3294,1.318,1.3222,1.3281399999999999,1.3252199999999998,1.314675,0.008117142354318428,1.3522
2013-09-22,1.3522,1.3307,1.357,1.3297,1.73,1.3524,1.3294,1.318,1.3320400000000001,1.32978,1.3167200000000001,0.013723993587883416,1.3558
2013-09-29,1.3558,1.3546,1.3565,1.3461,-0.01,1.3522,1.3524,1.3294,1.33484,1.33358,1.319365,0.016451990761007076,1.3542
2013-10-06,1.3542,1.3479,1.3646,1.3467,0.27,1.3558,1.3522,1.3524,1.34156,1.33637,1.32296,0.01685550355226016,1.3685
2013-10-13,1.3685,1.3556,1.3608,1.3486,-0.12,1.3542,1.3558,1.3522,1.3488,1.3389600000000002,1.3260100000000001,0.010943491216255048,1.3805
2013-10-20,1.3805,1.3544,1.3704,1.3472,1.06,1.3685,1.3542,1.3558,1.35662,1.34238,1.32944,0.006800882295720678,1.3487
2013-10-27,1.3487,1.3687,1.3833,1.365,0.88,1.3805,1.3685,1.3542,1.36224,1.34714,1.3323500000000001,0.012036735437827226,1.3371
2013-11-03,1.3371,1.3805,1.3819,1.3481,-2.3,1.3487,1.3805,1.3685,1.3615400000000002,1.3481900000000002,1.33305,0.012841456303715968,1.3495
2013-11-10,1.3495,1.3489,1.3548,1.3296,-0.86,1.3371,1.3487,1.3805,1.3578,1.34968,1.33429,0.016985582121324196,1.3558
2013-11-17,1.3558,1.3361,1.3506,1.3344,0.93,1.3495,1.3371,1.3487,1.35686,1.3528300000000002,1.336715,0.017360529945835444,1.359
2013-11-24,1.359,1.3501,1.3578,1.3399,0.47,1.3558,1.3495,1.3371,1.35432,1.35547,1.340345,0.016116203026775567,1.3706
2013-12-01,1.3706,1.355,1.3622,1.3491,0.24,1.359,1.3558,1.3495,1.35002,1.3561299999999998,1.3429550000000001,0.008411123587265295,1.3743
2013-12-08,1.3743,1.359,1.3708,1.3525,0.85,1.3706,1.359,1.3558,1.3543999999999998,1.35797,1.3457750000000002,0.012337544326171637,1.3672
2013-12-15,1.3672,1.3721,1.3812,1.3694,0.27,1.3743,1.3706,1.359,1.36184,1.35982,1.3480950000000003,0.010353888158573464,1.3742
2013-12-22,1.3742,1.3739,1.3811,1.3624,-0.52,1.3672,1.3743,1.3706,1.36538,1.3611199999999999,1.35004,0.0077879393937193685,1.3588
2013-12-29,1.3588,1.367,1.3893,1.3654,0.51,1.3742,1.3672,1.3743,1.36906,1.3616899999999998,1.352035,0.006342554690363008,1.367
2014-01-05,1.367,1.3744,1.3821,1.3582,-1.12,1.3588,1.3742,1.3672,1.36902,1.35952,1.35333,0.006421993459997101,1.3541
2014-01-12,1.3541,1.359,1.3689,1.355,0.6,1.367,1.3588,1.3742,1.3683,1.36135,1.35477,0.006402343321022797,1.3678
2014-01-19,1.3678,1.367,1.37,1.3517,-0.94,1.3541,1.367,1.3588,1.3642600000000003,1.3630499999999999,1.3563649999999998,0.007873880872876016,1.3487
2014-01-26,1.3487,1.3544,1.3741,1.3509,1.01,1.3678,1.3541,1.367,1.36438,1.3648799999999999,1.3588550000000001,0.007934229641259623,1.3635
2014-02-02,1.3635,1.3677,1.3718,1.348,-1.4,1.3487,1.3678,1.3541,1.35928,1.36417,1.35982,0.008233893368281984,1.3693
2014-02-09,1.3693,1.3494,1.3642,1.3477,1.1,1.3635,1.3487,1.3678,1.36022,1.36462,1.360375,0.008431310692901723,1.374
2014-02-16,1.374,1.3634,1.3718,1.3563,0.43,1.3693,1.3635,1.3487,1.36068,1.3644900000000002,1.36123,0.008941029023565441,1.3803
2014-02-23,1.3803,1.3689,1.3776,1.3688,0.34,1.374,1.3693,1.3635,1.36466,1.3644599999999998,1.36214,0.009678481285834342,1.3878
2014-03-02,1.3878,1.3735,1.3824,1.3641,0.46,1.3803,1.374,1.3693,1.3671600000000002,1.36577,1.363445,0.012022811651200742,1.3914
2014-03-09,1.3914,1.3787,1.3917,1.3708,0.54,1.3878,1.3803,1.374,1.3749799999999999,1.36713,1.36441,0.009456056260421397,1.3794
2014-03-16,1.3794,1.3874,1.3967,1.3832,0.26,1.3914,1.3878,1.3803,1.38056,1.37039,1.364955,0.009216995171977644,1.3753
2014-03-23,1.3753,1.3912,1.395,1.375,-0.86,1.3794,1.3914,1.3878,1.3825800000000001,1.37163,1.36649,0.006963619748396743,1.3703
2014-03-30,1.3703,1.3792,1.3876,1.3705,-0.3,1.3753,1.3794,1.3914,1.3828399999999998,1.37375,1.3683999999999998,0.006576701300824132,1.3885
2014-04-06,1.3885,1.3755,1.382,1.3672,-0.36,1.3703,1.3753,1.3794,1.3808399999999998,1.374,1.36944,0.008715101835335014,1.3815
2014-04-13,1.3815,1.3697,1.3907,1.369,1.33,1.3885,1.3703,1.3753,1.38098,1.37798,1.371075,0.008859288910531159,1.3833
2014-04-20,1.3833,1.3838,1.3867,1.379,-0.5,1.3815,1.3885,1.3703,1.379,1.37978,1.3721999999999999,0.006819824044669986,1.387
2014-04-27,1.387,1.381,1.3856,1.3785,0.13,1.3833,1.3815,1.3885,1.3797799999999998,1.38118,1.372835,0.007094504915796395,1.376
2014-05-04,1.376,1.3834,1.3889,1.3775,0.27,1.387,1.3833,1.3815,1.38212,1.38248,1.37347,0.007176489392471799,1.3695
2014-05-11,1.3695,1.3873,1.3995,1.3746,-0.79,1.376,1.387,1.3833,1.38326,1.38205,1.37391,0.004930821432607527,1.3634
2014-05-18,1.3634,1.3752,1.3777,1.3649,-0.47,1.3695,1.376,1.387,1.37946,1.38022,1.373675,0.006836153889451202,1.3631
2014-05-25,1.3631,1.3702,1.3735,1.3615,-0.45,1.3634,1.3695,1.376,1.3758399999999997,1.3774199999999999,1.3739050000000002,0.00968467862142347,1.3643
2014-06-01,1.3643,1.3626,1.3669,1.3585,-0.02,1.3631,1.3634,1.3695,1.3718,1.37579,1.37371,0.010002749621991668,1.3542
2014-06-08,1.3542,1.3634,1.3678,1.3504,0.09,1.3643,1.3631,1.3634,1.36726,1.37469,1.37422,0.005531093924374358,1.3599
2014-06-15,1.3599,1.3643,1.3668,1.351,-0.74,1.3542,1.3643,1.3631,1.3629000000000002,1.3730799999999999,1.3735399999999998,0.005511351921284644,1.3649
2014-06-22,1.3649,1.3535,1.3643,1.3512,0.42,1.3599,1.3542,1.3643,1.36098,1.3702200000000002,1.3741,0.004138477981123834,1.3596
2014-06-29,1.3596,1.3595,1.3653,1.3574,0.37,1.3649,1.3599,1.3542,1.36128,1.36856,1.37417,0.0044036348622753935,1.3609
2014-07-06,1.3609,1.3647,1.3702,1.3586,-0.39,1.3596,1.3649,1.3599,1.3605800000000001,1.36619,1.373685,0.004319374954810779,1.3525
2014-07-13,1.3525,1.3596,1.3651,1.3575,0.1,1.3609,1.3596,1.3649,1.3599,1.36358,1.3730300000000002,0.0038268786236626217,1.3432
2014-07-20,1.3432,1.3601,1.3639,1.3491,-0.62,1.3525,1.3609,1.3596,1.3595599999999999,1.36123,1.37164,0.004479732134876555,1.343
2014-07-27,1.343,1.3529,1.3552,1.3422,-0.69,1.3432,1.3525,1.3609,1.35622,1.3585999999999998,1.36941,0.00854441337952715,1.3411
2014-08-03,1.3411,1.3432,1.3445,1.3367,-0.01,1.343,1.3432,1.3525,1.35184,1.35656,1.36699,0.008595522090032611,1.3399
2014-08-10,1.3399,1.3427,1.3434,1.3332,-0.14,1.3411,1.343,1.3432,1.3481400000000001,1.35436,1.365075,0.008399583323012898,1.3243
2014-08-17,1.3243,1.3401,1.3416,1.3336,-0.09,1.3399,1.3411,1.343,1.3439400000000001,1.35192,1.363305,0.004977248235745632,1.3133
2014-08-24,1.3133,1.3394,1.3401,1.322,-1.16,1.3243,1.3399,1.3411,1.3383,1.34893,1.361005,0.007945124291049767,1.295
2014-08-31,1.295,1.3218,1.322,1.3131,-0.83,1.3133,1.3243,1.3399,1.33232,1.3442699999999999,1.357245,0.01298737848837197,1.2965
2014-09-07,1.2965,1.3138,1.3161,1.2919,-1.39,1.295,1.3133,1.3243,1.32272,1.33728,1.35292,0.01931714264585268,1.2829
2014-09-14,1.2829,1.2943,1.298,1.2859,0.12,1.2965,1.295,1.3133,1.3138,1.33097,1.34858,0.019002894516368104,1.2685
2014-09-21,1.2685,1.2976,1.2995,1.2827,-1.05,1.2829,1.2965,1.295,1.3024,1.32317,1.343375,0.01634197050542563,1.2517
2014-09-28,1.2517,1.2828,1.2902,1.2677,-1.12,1.2685,1.2829,1.2965,1.2912399999999997,1.31477,1.338,0.01669664636986088,1.2628
2014-10-05,1.2628,1.2685,1.2716,1.25,-1.32,1.2517,1.2685,1.2829,1.2789199999999998,1.30562,1.3321100000000001,0.018927281896779904,1.2763
2014-10-12,1.2763,1.2508,1.2792,1.2503,0.89,1.2628,1.2517,1.2685,1.2724799999999998,1.2976,1.32708,0.017513480522162454,1.267
2014-10-19,1.267,1.2637,1.2887,1.262,1.07,1.2763,1.2628,1.2517,1.26844,1.2911199999999998,1.32274,0.01207178528636745,1.2525
2014-10-26,1.2525,1.2757,1.2839,1.2612,-0.73,1.267,1.2763,1.2628,1.26526,1.28383,1.3178750000000001,0.00901848102510365,1.2454
2014-11-02,1.2454,1.2682,1.2771,1.2485,-1.14,1.2525,1.267,1.2763,1.26206,1.27665,1.3127900000000001,0.010325357136687939,1.2524
2014-11-09,1.2524,1.2517,1.2579,1.236,-0.57,1.2454,1.2525,1.267,1.2608000000000001,1.26986,1.307065,0.012131982525545901,1.239
2014-11-16,1.239,1.2453,1.2549,1.2395,0.56,1.2524,1.2454,1.2525,1.2587199999999998,1.2656,1.30144,0.012586381529262072,1.2452
2014-11-23,1.2452,1.2528,1.2602,1.2375,-1.07,1.239,1.2524,1.2454,1.25126,1.2598500000000001,1.29541,0.010431107323776381,1.2286
2014-11-30,1.2286,1.2378,1.2533,1.2359,0.5,1.2452,1.239,1.2524,1.2469000000000001,1.2560799999999999,1.2896249999999998,0.005682429058082289,1.2462
2014-12-07,1.2462,1.2455,1.2507,1.2271,-1.33,1.2286,1.2452,1.239,1.2421200000000001,1.25209,1.2834299999999998,0.008922555687701532,1.2228
2014-12-14,1.2228,1.2279,1.2496,1.2247,1.43,1.2462,1.2286,1.2452,1.2422799999999998,1.2515399999999999,1.27858,0.009002888425396318,1.2176
2014-12-21,1.2176,1.2464,1.2571,1.2222,-1.88,1.2228,1.2462,1.2286,1.23636,1.24754,1.27257,0.010320271314269243,1.2003
2014-12-28,1.2003,1.2227,1.2273,1.2166,-0.43,1.2176,1.2228,1.2462,1.23208,1.24167,1.266395,0.01303272803368982,1.1842
2015-01-04,1.1842,1.2184,1.2223,1.2002,-1.42,1.2003,1.2176,1.2228,1.2231,1.2349999999999999,1.259415,0.016688618876351504,1.1569
2015-01-11,1.1569,1.2004,1.2008,1.1756,-1.34,1.1842,1.2003,1.2176,1.21422,1.22817,1.25241,0.023466614583277853,1.1208
2015-01-18,1.1208,1.184,1.1872,1.1462,-2.31,1.1569,1.1842,1.2003,1.1963599999999999,1.21932,1.24459,0.02678941955325069,1.1288
2015-01-25,1.1288,1.155,1.1675,1.1114,-3.12,1.1208,1.1569,1.1842,1.17596,1.2061600000000001,1.23588,0.038079298838083565,1.1316
2015-02-01,1.1316,1.1186,1.1424,1.11,0.71,1.1288,1.1208,1.1569,1.1582000000000001,1.19514,1.227495,0.034326447529566144,1.1385
2015-02-08,1.1385,1.1284,1.1535,1.128,0.25,1.1316,1.1288,1.1208,1.14446,1.18378,1.2199300000000002,0.026002076840130443,1.1381
2015-02-15,1.1381,1.1317,1.1443,1.1272,0.61,1.1385,1.1316,1.1288,1.1353199999999999,1.17477,1.21343,0.013628903110670396,1.1196
2015-02-22,1.1196,1.1386,1.1453,1.128,-0.04,1.1381,1.1385,1.1316,1.13156,1.1639599999999999,1.2077499999999999,0.007320040983494374,1.0844
2015-03-01,1.0844,1.1384,1.1415,1.1178,-1.63,1.1196,1.1381,1.1385,1.1313199999999999,1.1536399999999998,1.20059,0.007767045770435345,1.0495
2015-03-08,1.0495,1.1187,1.1241,1.0841,-3.14,1.0844,1.1196,1.1381,1.1224399999999999,1.14032,1.190995,0.02259519860501406,1.0822
2015-03-15,1.0822,1.0832,1.0908,1.0462,-3.22,1.0495,1.0844,1.1196,1.10602,1.12524,1.18012,0.038504636084503,1.0889
2015-03-22,1.0889,1.0494,1.1033,1.0458,3.12,1.0822,1.0495,1.0844,1.0947600000000002,1.11504,1.171605,0.03467323175015556,1.0978
2015-03-29,1.0978,1.0837,1.1053,1.0768,0.62,1.0889,1.0822,1.0495,1.08492,1.10824,1.16378,0.024903754736986677,1.0604
2015-04-05,1.0604,1.0889,1.1028,1.0714,0.82,1.0978,1.0889,1.0822,1.0805600000000002,1.10594,1.15605,0.018363904813518888,1.0807
2015-04-12,1.0807,1.099,1.1037,1.0569,-3.41,1.0604,1.0978,1.0889,1.07576,1.0991,1.14712,0.020158199324343852,1.0874
2015-04-19,1.0874,1.0602,1.085,1.0521,1.91,1.0807,1.0604,1.0978,1.082,1.0940100000000001,1.1388950000000002,0.013834196760202032,1.1201
2015-04-26,1.1201,1.0822,1.0901,1.066,0.62,1.0874,1.0807,1.0604,1.08304,1.0889,1.1318350000000001,0.01404681458552028,1.1204
2015-05-03,1.1204,1.0872,1.1291,1.0819,3.01,1.1201,1.0874,1.0807,1.08928,1.0871,1.12553,0.021986746007538114,1.1453
2015-05-10,1.1453,1.1201,1.1393,1.1066,0.03,1.1204,1.1201,1.0874,1.0937999999999999,1.08718,1.1204100000000001,0.02611216191739014,1.1018
2015-05-17,1.1018,1.1198,1.1467,1.1132,2.22,1.1453,1.1204,1.1201,1.11078,1.09327,1.116795,0.026563452335869743,1.0988
2015-05-24,1.0988,1.1442,1.1451,1.1003,-3.8,1.1018,1.1453,1.1204,1.1149999999999998,1.0985,1.1118700000000001,0.0218475399072763,1.1113
2015-05-31,1.1113,1.1004,1.101,1.0819,-0.27,1.0988,1.1018,1.1453,1.11728,1.10016,1.1076000000000001,0.0186007257922919,1.1269
2015-06-07,1.1269,1.0988,1.1381,1.0888,1.14,1.1113,1.0988,1.1018,1.11552,1.1024,1.10532,0.018683334820101854,1.1353
2015-06-14,1.1353,1.1114,1.1385,1.1081,1.4,1.1269,1.1113,1.0988,1.1168200000000001,1.1053099999999998,1.105625,0.019322965610900227,1.1166
2015-06-21,1.1166,1.1226,1.1437,1.1189,0.75,1.1353,1.1269,1.1113,1.1148200000000001,1.1128,1.10595,0.01584225362756287,1.1114
2015-06-28,1.1114,1.1364,1.1412,1.1131,-1.65,1.1166,1.1353,1.1269,1.1177800000000002,1.11639,1.1052,0.014086766839840635,1.1164
2015-07-05,1.1164,1.1032,1.128,1.0955,-0.47,1.1114,1.1166,1.1353,1.1202999999999999,1.11879,1.103845,0.01051736659055098,1.083
2015-07-12,1.083,1.0994,1.1218,1.0917,0.45,1.1164,1.1114,1.1166,1.12132,1.11842,1.1027600000000002,0.009636752565052172,1.0984
2015-07-19,1.0984,1.1106,1.1198,1.0828,-2.99,1.083,1.1164,1.1114,1.1125399999999999,1.1146800000000001,1.10093,0.018863403722552886,1.0988
2015-07-26,1.0988,1.0833,1.102,1.081,1.42,1.0984,1.083,1.1164,1.1051600000000001,1.10999,1.10163,0.01443010741470789,1.0969
2015-08-02,1.0969,1.0972,1.1129,1.0893,0.04,1.0988,1.0984,1.083,1.1016,1.10969,1.1040949999999998,0.013029965464267398,1.1106
2015-08-09,1.1106,1.0972,1.0998,1.0851,-0.17,1.0969,1.0988,1.0984,1.0987,1.1095,1.10483,0.011865074799595476,1.1389
2015-08-16,1.1389,1.0966,1.1213,1.0924,1.25,1.1106,1.0969,1.0988,1.09754,1.1094300000000001,1.105915,0.00980703828890215,1.1179
2015-08-23,1.1179,1.1107,1.1394,1.1018,2.55,1.1389,1.1106,1.0969,1.1087200000000001,1.11063,1.1079700000000001,0.017741110450025906,1.1147
2015-08-30,1.1147,1.1361,1.1711,1.1156,-1.84,1.1179,1.1389,1.1106,1.11262,1.10889,1.1108449999999999,0.01703458247213672,1.134
2015-09-06,1.134,1.1174,1.1332,1.1087,-0.29,1.1147,1.1179,1.1389,1.1158,1.1087,1.112545,0.015194406865686962,1.1305
2015-09-13,1.1305,1.1158,1.1349,1.112,1.73,1.134,1.1147,1.1179,1.1232199999999999,1.11096,1.114875,0.012472249195716536,1.1195
2015-09-20,1.1195,1.1336,1.146,1.1213,-0.31,1.1305,1.134,1.1147,1.1272,1.1123699999999999,1.115395,0.010449401896762408,1.1211
2015-09-27,1.1211,1.1281,1.1329,1.1103,-0.97,1.1195,1.1305,1.134,1.12332,1.11602,1.1153499999999998,0.008424488115016402,1.1358
2015-10-04,1.1358,1.1195,1.1319,1.1135,0.14,1.1211,1.1195,1.1305,1.1239599999999998,1.11829,1.1141400000000001,0.008021720513708632,1.1346
2015-10-11,1.1346,1.1223,1.1391,1.1174,1.31,1.1358,1.1211,1.1195,1.12818,1.12199,1.11584,0.007463042275108987,1.1018
2015-10-18,1.1018,1.1355,1.1496,1.1334,-0.11,1.1346,1.1358,1.1211,1.1282999999999999,1.12576,1.11763,0.0075838644502696975,1.1005
2015-10-25,1.1005,1.1353,1.1389,1.0997,-2.89,1.1018,1.1346,1.1358,1.12256,1.1248799999999999,1.117155,0.01380880154104813,1.0741
2015-11-01,1.0741,1.1007,1.1096,1.0895,-0.12,1.1005,1.1018,1.1346,1.11876,1.12104,1.1158350000000001,0.01708663220181338,1.0779
2015-11-08,1.0779,1.1016,1.1054,1.0709,-2.4,1.0741,1.1005,1.1018,1.1093600000000001,1.11666,1.1127749999999998,0.026053080432072266,1.0646
2015-11-15,1.0646,1.0737,1.0831,1.0675,0.35,1.0779,1.0741,1.1005,1.0977799999999998,1.1129799999999999,1.11084,0.02416209841880471,1.0593
2015-11-22,1.0593,1.0752,1.0781,1.0618,-1.23,1.0646,1.0779,1.0741,1.08378,1.10604,1.1085,0.016586349809405942,1.0886
2015-11-29,1.0886,1.0648,1.0692,1.0568,-0.5,1.0593,1.0646,1.0779,1.07528,1.0989200000000001,1.105645,0.01591954773226826,1.099
2015-12-06,1.099,1.0592,1.0982,1.054,2.77,1.0886,1.0593,1.0646,1.0729,1.0958299999999999,1.105925,0.011475844195524934,1.0868
2015-12-13,1.0868,1.086,1.1043,1.0796,0.96,1.099,1.0886,1.0593,1.07788,1.09362,1.105955,0.016451048598796734,1.0977
2015-12-20,1.0977,1.0986,1.1062,1.0802,-1.11,1.0868,1.099,1.0886,1.07966,1.08872,1.105355,0.016928319467684187,1.086
2015-12-27,1.086,1.0865,1.0988,1.085,1.0,1.0977,1.0868,1.099,1.08628,1.0850300000000002,1.1053950000000001,0.016013962657630623,1.0932
2016-01-03,1.0932,1.0964,1.0994,1.0845,-1.07,1.086,1.0977,1.0868,1.09162,1.08345,1.1041649999999998,0.006232335035923257,1.0917
2016-01-10,1.0917,1.0858,1.0949,1.0712,0.66,1.0932,1.086,1.0977,1.09254,1.08272,1.10188,0.006010657202003659,1.0797
2016-01-17,1.0797,1.0925,1.0987,1.0806,-0.14,1.0917,1.0932,1.086,1.0910799999999998,1.0844799999999999,1.1005699999999998,0.004817364424661642,1.0837
2016-01-24,1.0837,1.0919,1.0978,1.078,-1.1,1.0797,1.0917,1.0932,1.0896599999999999,1.08466,1.0988200000000001,0.006962973502749521,1.1159
2016-01-31,1.1159,1.0799,1.097,1.0789,0.37,1.0837,1.0797,1.0917,1.0868600000000002,1.08657,1.096305,0.005603837970532959,1.126
2016-02-07,1.126,1.0834,1.1246,1.0815,2.97,1.1159,1.0837,1.0797,1.09284,1.09223,1.095575,0.014048060364334843,1.1135
2016-02-14,1.1135,1.1159,1.1378,1.1086,0.91,1.126,1.1159,1.0837,1.0994,1.0959699999999999,1.0958999999999999,0.02045531715716002,1.0934
2016-02-21,1.0934,1.1252,1.1254,1.1066,-1.11,1.1135,1.126,1.1159,1.10376,1.09742,1.09552,0.020725298550322773,1.1004
2016-02-28,1.1004,1.1128,1.1137,1.0913,-1.81,1.0934,1.1135,1.126,1.1065,1.09808,1.0934,0.017385770043343407,1.1153
2016-03-06,1.1153,1.0933,1.1045,1.0826,0.64,1.1004,1.0934,1.1135,1.10984,1.09835,1.09169,0.012948474813661383,1.127
2016-03-13,1.127,1.1009,1.122,1.0823,1.35,1.1153,1.1004,1.0934,1.1097199999999998,1.1012799999999998,1.0923649999999998,0.012880877299315563,1.1166
2016-03-20,1.1166,1.1152,1.1345,1.1058,1.05,1.127,1.1153,1.1004,1.10992,1.10466,1.09369,0.013200643923688846,1.1387
2016-03-27,1.1387,1.1271,1.1287,1.1145,-0.92,1.1166,1.127,1.1153,1.1105399999999999,1.10715,1.095815,0.013480652803185163,1.1401
2016-04-03,1.1401,1.1162,1.1439,1.1153,1.98,1.1387,1.1166,1.127,1.1196,1.1130499999999999,1.098855,0.014280231090568245,1.1283
2016-04-10,1.1283,1.1394,1.1456,1.1327,0.12,1.1401,1.1387,1.1166,1.1275400000000002,1.11869,1.10263,0.011748319028696715,1.1234
2016-04-17,1.1234,1.1408,1.1467,1.1235,-1.04,1.1283,1.1401,1.1387,1.13014,1.1199299999999999,1.10608,0.009605363085278883,1.1456
2016-04-24,1.1456,1.1299,1.1398,1.122,-0.43,1.1234,1.1283,1.1401,1.12942,1.11967,1.1078199999999998,0.010025317950072119,1.1405
2016-05-01,1.1405,1.123,1.1461,1.1215,1.98,1.1456,1.1234,1.1283,1.13522,1.1228799999999999,1.11015,0.009100384607259211,1.1308
2016-05-08,1.1308,1.1447,1.1617,1.1387,-0.45,1.1405,1.1456,1.1234,1.13558,1.12759,1.112835,0.009305750910057734,1.1224
2016-05-15,1.1224,1.1402,1.1449,1.1284,-0.85,1.1308,1.1405,1.1456,1.13372,1.13063,1.11449,0.009103680574363372,1.1115
2016-05-22,1.1115,1.1309,1.1349,1.118,-0.74,1.1224,1.1308,1.1405,1.13254,1.1313400000000002,1.11631,0.010287273691315945,1.1367
2016-05-29,1.1367,1.1216,1.1244,1.1107,-0.97,1.1115,1.1224,1.1308,1.13016,1.12979,1.117225,0.013730731954271123,1.1251
2016-06-05,1.1251,1.1116,1.1377,1.1098,2.27,1.1367,1.1115,1.1224,1.12838,1.1318,1.119475,0.01164761778219232,1.1277
2016-06-12,1.1277,1.1351,1.1417,1.1245,-1.02,1.1251,1.1367,1.1115,1.1253,1.13044,1.121745,0.009474967018414528,1.1117
2016-06-19,1.1117,1.1254,1.1305,1.1132,0.23,1.1277,1.1251,1.1367,1.1246800000000001,1.1292,1.123945,0.009119868420105787,1.1136
2016-06-26,1.1136,1.1283,1.1434,1.0911,-1.42,1.1117,1.1277,1.1251,1.12254,1.12754,1.123735,0.010875109194856057,1.1055
2016-07-03,1.1055,1.1069,1.1169,1.0969,0.17,1.1136,1.1117,1.1277,1.12296,1.12656,1.1231149999999999,0.010371017307865344,1.1036
2016-07-10,1.1036,1.1142,1.1185,1.1001,-0.73,1.1055,1.1136,1.1117,1.1167199999999997,1.12255,1.122715,0.009375606647040948,1.0976
2016-07-17,1.0976,1.1052,1.1166,1.1016,-0.17,1.1036,1.1055,1.1136,1.1124199999999997,1.1188600000000002,1.1232250000000001,0.009500894694713565,1.1174
2016-07-24,1.1174,1.1042,1.1087,1.0954,-0.54,1.0976,1.1036,1.1055,1.1063999999999998,1.11554,1.123085,0.00644243742693964,1.1085
2016-07-31,1.1085,1.0972,1.12,1.0954,1.8,1.1174,1.0976,1.1036,1.1075399999999997,1.11504,1.1231900000000001,0.007944054380480615,1.1161
2016-08-07,1.1161,1.1174,1.1234,1.1043,-0.8,1.1085,1.1174,1.0976,1.10652,1.1147399999999998,1.122265,0.0072702819752766745,1.1326
2016-08-14,1.1326,1.1088,1.1224,1.107,0.69,1.1161,1.1085,1.1174,1.1086399999999998,1.11268,1.1222400000000001,0.008361997369052084,1.1198
2016-08-21,1.1198,1.1162,1.1366,1.1153,1.48,1.1326,1.1161,1.1085,1.11444,1.11343,1.1219350000000001,0.01284690624236185,1.1156
2016-08-28,1.1156,1.1305,1.1357,1.118,-1.13,1.1198,1.1326,1.1161,1.11888,1.11264,1.12092,0.008757111395890542,1.1233
2016-09-04,1.1233,1.1194,1.1254,1.1124,-0.38,1.1156,1.1198,1.1326,1.11852,1.11303,1.120285,0.008869441921566206,1.1155
2016-09-11,1.1155,1.1153,1.1329,1.114,0.69,1.1233,1.1156,1.1198,1.12148,1.114,1.12028,0.006951762366482079,1.1226
2016-09-18,1.1226,1.1232,1.1285,1.1147,-0.69,1.1155,1.1233,1.1156,1.12136,1.1149999999999998,1.1187749999999999,0.007071986990940862,1.1241
2016-09-25,1.1241,1.1164,1.1261,1.1123,0.64,1.1226,1.1155,1.1233,1.11936,1.1168999999999998,1.11788,0.0037165844535051533,1.1201
2016-10-02,1.1201,1.1224,1.1281,1.1153,0.13,1.1241,1.1226,1.1155,1.12022,1.1195499999999998,1.117545,0.004296161077058978,1.0971
2016-10-09,1.0971,1.1235,1.1245,1.1103,-0.36,1.1201,1.1241,1.1226,1.1211200000000001,1.11982,1.1174300000000001,0.0034802298774702146,1.0884
2016-10-16,1.0884,1.1197,1.1203,1.0968,-2.05,1.0971,1.1201,1.1241,1.11588,1.11868,1.1167099999999999,0.010992815835810098,1.0987
2016-10-23,1.0987,1.0974,1.1041,1.0859,-0.79,1.0884,1.0971,1.1201,1.11046,1.11591,1.1142949999999998,0.016518867999958,1.1138
2016-10-30,1.1138,1.088,1.0995,1.0852,0.95,1.0987,1.0884,1.0971,1.10568,1.1125200000000002,1.112975,0.015557699058666635,1.0856
2016-11-06,1.0856,1.0987,1.1146,1.0937,1.37,1.1138,1.0987,1.0884,1.10362,1.11192,1.11228,0.012976786967506055,1.0588
2016-11-13,1.0588,1.114,1.1305,1.0833,-2.53,1.0856,1.1138,1.0987,1.09672,1.10892,1.110975,0.01105291816671209,1.0587
2016-11-20,1.0587,1.085,1.0852,1.057,-2.47,1.0588,1.0856,1.1138,1.08906,1.1024699999999998,1.108235,0.0202056427762156,1.0673
2016-11-27,1.0673,1.0584,1.0661,1.0518,-0.01,1.0587,1.0588,1.0856,1.0831199999999999,1.09679,1.1058949999999999,0.02438210409296196,1.0562
2016-12-04,1.0562,1.0596,1.0692,1.0554,0.81,1.0673,1.0587,1.0588,1.07684,1.0912600000000001,1.10408,0.02338959170229422,1.0451
2016-12-11,1.0451,1.0675,1.0875,1.0506,-1.04,1.0562,1.0673,1.0587,1.0653199999999998,1.08447,1.10201,0.012090368067185787,1.0456
2016-12-18,1.0456,1.0554,1.0673,1.0368,-1.05,1.0451,1.0562,1.0673,1.05722,1.0769699999999998,1.0983949999999998,0.007972264421105525,1.0516
2016-12-25,1.0516,1.0445,1.0501,1.0353,0.05,1.0456,1.0451,1.0562,1.05458,1.07182,1.0952499999999998,0.009379605535416927,1.0533
2017-01-01,1.0533,1.0454,1.0654,1.0372,0.57,1.0516,1.0456,1.0451,1.0531599999999999,1.06814,1.092025,0.009134166628654376,1.0644
2017-01-08,1.0644,1.0532,1.0624,1.0342,0.16,1.0533,1.0516,1.0456,1.05036,1.0635999999999999,1.08806,0.004863435000082033,1.0703
2017-01-15,1.0703,1.054,1.0687,1.0455,1.05,1.0644,1.0533,1.0516,1.052,1.05866,1.0852899999999999,0.007813129974601957,1.0699
2017-01-22,1.0699,1.0619,1.0722,1.0581,0.55,1.0703,1.0644,1.0533,1.05704,1.0571300000000001,1.0830250000000001,0.010055496009646956,1.0784
2017-01-29,1.0784,1.0688,1.0779,1.066,-0.04,1.0699,1.0703,1.0644,1.0619,1.05824,1.080355,0.008956282711037565,1.0641
2017-02-05,1.0641,1.0692,1.0831,1.062,0.79,1.0784,1.0699,1.0703,1.0672599999999999,1.06021,1.0785,0.009265149755942293,1.0614
2017-02-12,1.0614,1.0783,1.0803,1.0609,-1.33,1.0641,1.0784,1.0699,1.06942,1.05989,1.0755750000000002,0.00581265859999017,1.0563
2017-02-19,1.0563,1.0635,1.0683,1.0523,-0.25,1.0614,1.0641,1.0784,1.06882,1.06041,1.0724399999999998,0.006566353630443592,1.0623
2017-02-26,1.0623,1.0617,1.0636,1.0495,-0.48,1.0563,1.0614,1.0641,1.06602,1.06153,1.0692499999999998,0.008482747196518148,1.0672
2017-03-05,1.0672,1.0563,1.0633,1.0495,0.57,1.0623,1.0563,1.0614,1.0645,1.0632000000000001,1.06751,0.008292466460591475,1.0736
2017-03-12,1.0736,1.0617,1.0702,1.0526,0.46,1.0672,1.0623,1.0563,1.0622599999999998,1.0647600000000002,1.0664500000000001,0.004001624670059853,1.0797
2017-03-19,1.0797,1.0674,1.0783,1.0599,0.6,1.0736,1.0672,1.0623,1.06416,1.06679,1.065195,0.006542400171193622,1.0649
2017-03-26,1.0649,1.0739,1.0826,1.0718,0.57,1.0797,1.0736,1.0672,1.06782,1.0683200000000002,1.06349,0.009193856644522966,1.0588
2017-04-02,1.0588,1.0797,1.0905,1.0651,-1.37,1.0649,1.0797,1.0736,1.06954,1.06778,1.062455,0.00705570691001556,1.0609
2017-04-09,1.0609,1.0661,1.069,1.058,-0.57,1.0588,1.0649,1.0797,1.06884,1.06667,1.0624550000000001,0.008056239817684217,1.0726
2017-04-16,1.0726,1.0592,1.0678,1.0569,0.2,1.0609,1.0588,1.0649,1.06758,1.06492,1.062565,0.008832157154401136,1.0895
2017-04-23,1.0895,1.0615,1.0778,1.0602,1.1,1.0726,1.0609,1.0588,1.06738,1.06577,1.06283,0.008671620379147055,1.0995
2017-04-30,1.0995,1.0891,1.0951,1.082,1.58,1.0895,1.0726,1.0609,1.06934,1.06858,1.064495,0.01244077971833114,1.0928
2017-05-07,1.0928,1.0907,1.1001,1.0875,0.92,1.0995,1.0895,1.0726,1.07626,1.0729,1.067215,0.01781552693579525,1.1204
2017-05-14,1.1204,1.0999,1.1025,1.0839,-0.61,1.0928,1.0995,1.0895,1.0830600000000001,1.07595,1.069575,0.015867356427585924,1.1182
2017-05-21,1.1182,1.0927,1.1213,1.0921,2.53,1.1204,1.0928,1.0995,1.09496,1.08127,1.073015,0.01733675286782569,1.128
2017-05-28,1.128,1.1202,1.1269,1.1159,-0.2,1.1182,1.1204,1.0928,1.1040800000000002,1.08573,1.07626,0.014374526079146712,1.1192
2017-06-04,1.1192,1.1179,1.1286,1.1109,0.88,1.128,1.1182,1.1204,1.11178,1.09056,1.0794400000000002,0.014913483831756833,1.1197
2017-06-11,1.1197,1.1279,1.1286,1.1166,-0.78,1.1192,1.128,1.1182,1.11572,1.09599,1.081885,0.013381778656070884,1.1192
2017-06-18,1.1192,1.1195,1.1296,1.1132,0.04,1.1197,1.1192,1.128,1.1210999999999998,1.10208,1.084375,0.003939543120728123,1.1423
2017-06-25,1.1423,1.12,1.1215,1.1118,-0.04,1.1192,1.1197,1.1192,1.12086,1.10791,1.0864150000000001,0.00402839918579033,1.14
2017-07-02,1.14,1.1201,1.1446,1.1171,2.06,1.1423,1.1192,1.1197,1.12568,1.1148799999999999,1.090325,0.010016835827749206,1.1467
2017-07-09,1.1467,1.1421,1.1441,1.1312,-0.2,1.14,1.1423,1.1192,1.12808,1.1199299999999999,1.094255,0.011960643795384968,1.1661
2017-07-16,1.1661,1.1393,1.149,1.137,0.59,1.1467,1.14,1.1423,1.13358,1.1246500000000001,1.098775,0.013122766476626972,1.175
2017-07-23,1.175,1.1464,1.1683,1.1434,1.69,1.1661,1.1467,1.14,1.14286,1.13198,1.103965,0.016756580796811884,1.1768
2017-07-30,1.1768,1.166,1.1777,1.1612,0.76,1.175,1.1661,1.1467,1.15402,1.13744,1.109355,0.015601185852366597,1.182
2017-08-06,1.182,1.1738,1.191,1.1723,0.15,1.1768,1.175,1.1661,1.16092,1.1433,1.1145150000000001,0.0167115828095391,1.176
2017-08-13,1.176,1.1768,1.1847,1.1688,0.44,1.182,1.1768,1.175,1.1693200000000001,1.1487,1.11963,0.013883695473470944,1.1924
2017-08-20,1.1924,1.1807,1.1839,1.1662,-0.51,1.176,1.182,1.1768,1.17518,1.1543800000000002,1.125185,0.005750826027630868,1.1857
2017-08-27,1.1857,1.1753,1.1942,1.1731,1.39,1.1924,1.176,1.182,1.18044,1.16165,1.131865,0.007211657229796357,1.2033
2017-09-03,1.2033,1.1925,1.207,1.1823,-0.56,1.1857,1.1924,1.176,1.18258,1.1683,1.138105,0.006767717488198907,1.1941
2017-09-10,1.1941,1.1859,1.2093,1.1853,1.48,1.2033,1.1857,1.1924,1.18788,1.1743999999999999,1.14464,0.010472201296770069,1.1952
2017-09-17,1.1952,1.204,1.204,1.1838,-0.76,1.1941,1.2033,1.1857,1.1903000000000001,1.17981,1.14987,0.010167349703834911,1.1812
2017-09-24,1.1812,1.1949,1.2033,1.1861,0.09,1.1952,1.1941,1.2033,1.19414,1.1846599999999998,1.154655,0.0063105467275086195,1.1733
2017-10-01,1.1733,1.1953,1.1961,1.1717,-1.17,1.1812,1.1952,1.1941,1.1919,1.1861700000000002,1.159075,0.008640312494352945,1.1822
2017-10-08,1.1822,1.1818,1.1818,1.1668,-0.67,1.1733,1.1812,1.1952,1.1894200000000001,1.186,1.16172,0.01199362330574351,1.1783
2017-10-15,1.1783,1.1729,1.1881,1.1717,0.76,1.1822,1.1733,1.1812,1.1852,1.18654,1.16492,0.009298118089166103,1.1608
2017-10-22,1.1608,1.1825,1.1859,1.173,-0.33,1.1783,1.1822,1.1733,1.18204,1.18617,1.1674349999999998,0.00812853000241015,1.1607
2017-10-29,1.1607,1.1773,1.1838,1.1574,-1.49,1.1608,1.1783,1.1822,1.17516,1.18465,1.169515,0.008740308919030706,1.1663
2017-11-05,1.1663,1.1603,1.1691,1.1594,-0.01,1.1607,1.1608,1.1783,1.17106,1.18148,1.171565,0.009926378997403413,1.1793
2017-11-12,1.1793,1.161,1.1679,1.1553,0.48,1.1663,1.1607,1.1608,1.16966,1.1795399999999998,1.1739199999999999,0.010024619693539164,1.193
2017-11-19,1.193,1.1666,1.1861,1.1637,1.11,1.1793,1.1663,1.1607,1.1690800000000001,1.17714,1.17577,0.009164714943744542,1.1889
2017-11-26,1.1889,1.1791,1.1945,1.1713,1.16,1.193,1.1793,1.1663,1.17202,1.17703,1.17842,0.013963416487382085,1.1764
2017-12-03,1.1764,1.1932,1.1961,1.1809,-0.34,1.1889,1.193,1.1793,1.17764,1.1764,1.1805299999999999,0.013973474872059972,1.1752
2017-12-10,1.1752,1.1881,1.189,1.173,-1.05,1.1764,1.1889,1.193,1.18078,1.17592,1.181045,0.010563001467390344,1.1857
2017-12-17,1.1857,1.1769,1.1863,1.1717,-0.1,1.1752,1.1764,1.1889,1.18256,1.17611,1.181055,0.007936182961606215,1.1996
2017-12-24,1.1996,1.1755,1.1903,1.1738,0.89,1.1857,1.1752,1.1764,1.18384,1.17646,1.1815,0.007793779570919917,1.2028
2017-12-31,1.2028,1.1851,1.203,1.1842,1.17,1.1996,1.1857,1.1752,1.1851600000000002,1.17859,1.18238,0.009984137418930502,1.2185
2018-01-07,1.2185,1.2002,1.209,1.1995,0.27,1.2028,1.1996,1.1857,1.18794,1.18279,1.1837199999999999,0.012818658276125806,1.222
2018-01-14,1.222,1.2029,1.2189,1.1916,1.31,1.2185,1.2028,1.1996,1.1963599999999999,1.18857,1.185025,0.016609726066377076,1.2419
2018-01-21,1.2419,1.2197,1.2323,1.2164,0.29,1.222,1.2185,1.2028,1.20572,1.19414,1.18684,0.014791450233161179,1.246
2018-01-28,1.246,1.2266,1.2538,1.2213,1.63,1.2419,1.222,1.2185,1.2169599999999998,1.2004000000000001,1.18877,0.016967999292788822,1.2233
2018-02-04,1.2233,1.2427,1.2523,1.2335,0.33,1.246,1.2419,1.222,1.22624,1.2056999999999998,1.191365,0.01776944005870982,1.2404
2018-02-11,1.2404,1.2457,1.2476,1.2205,-1.82,1.2233,1.246,1.2419,1.23034,1.2091399999999999,1.1927699999999999,0.012631033211898474,1.2293
2018-02-18,1.2293,1.2254,1.2556,1.2234,1.4,1.2404,1.2233,1.246,1.23472,1.21554,1.19573,0.011216817730536646,1.2317
2018-02-25,1.2317,1.2409,1.2436,1.226,-0.89,1.2293,1.2404,1.2233,1.23618,1.22095,1.19853,0.009489309774692827,1.2305
2018-03-04,1.2305,1.2298,1.2356,1.2155,0.2,1.2317,1.2293,1.2404,1.23414,1.2255500000000001,1.201005,0.009037864792088943,1.2287
2018-03-11,1.2287,1.2324,1.2448,1.2269,-0.1,1.2305,1.2317,1.2293,1.23104,1.22864,1.203615,0.006149634135465354,1.2351
2018-03-18,1.2351,1.2311,1.2414,1.226,-0.15,1.2287,1.2305,1.2317,1.2321199999999999,1.23123,1.20701,0.004769905659452952,1.2321
2018-03-25,1.2321,1.2284,1.2389,1.2239,0.52,1.2351,1.2287,1.2305,1.2310599999999998,1.23289,1.21073,0.0025353500744633916,1.2281
2018-04-01,1.2281,1.2348,1.2477,1.2283,-0.24,1.2321,1.2351,1.2287,1.23162,1.2339,1.21402,0.0023520204080921124,1.2329
2018-04-08,1.2329,1.2323,1.2345,1.2214,-0.32,1.2281,1.2321,1.2351,1.2309,1.2325199999999998,1.21646,0.0028248893783795483,1.2286
2018-04-15,1.2286,1.2279,1.2397,1.226,0.39,1.2329,1.2281,1.2321,1.2313800000000001,1.2312100000000001,1.218455,0.002941428224533412,1.2128
2018-04-22,1.2128,1.2329,1.2414,1.2249,-0.35,1.2286,1.2329,1.2281,1.23136,1.23174,1.22044,0.00296445610527153,1.1958
2018-04-29,1.1958,1.2289,1.2292,1.2055,-1.29,1.2128,1.2286,1.2329,1.2269,1.22898,1.22226,0.008157511875570725,1.1942
2018-05-06,1.1942,1.2125,1.214,1.1911,-1.4,1.1958,1.2128,1.2286,1.21964,1.22563,1.22329,0.015352621925914522,1.1775
2018-05-13,1.1775,1.1953,1.1979,1.1822,-0.13,1.1942,1.1958,1.2128,1.21286,1.22188,1.2237149999999999,0.01794848182995057,1.165
2018-05-20,1.165,1.1946,1.1997,1.1749,-1.4,1.1775,1.1942,1.1958,1.2017799999999998,1.21658,1.22261,0.019515942201186517,1.166
2018-05-27,1.166,1.1762,1.1831,1.1645,-1.06,1.165,1.1775,1.1942,1.18906,1.21021,1.22072,0.018357232906951,1.1766
2018-06-03,1.1766,1.1652,1.173,1.1509,0.09,1.166,1.165,1.1775,1.1797,1.2033,1.2180950000000001,0.014816207341963024,1.1607
2018-06-10,1.1607,1.1655,1.1841,1.1652,0.91,1.1766,1.166,1.165,1.17586,1.1977499999999999,1.215825,0.011776586941896048,1.1655
2018-06-17,1.1655,1.1765,1.1853,1.1543,-1.35,1.1607,1.1766,1.166,1.1691600000000002,1.19101,1.211765,0.007479505331238954,1.1683
2018-06-24,1.1683,1.1609,1.1676,1.1508,0.41,1.1655,1.1607,1.1766,1.16676,1.1842700000000002,1.20774,0.005890925224447379,1.1745
2018-07-01,1.1745,1.1658,1.1721,1.1526,0.24,1.1683,1.1655,1.1607,1.16742,1.17824,1.20499,0.005828979327466401,1.1685
2018-07-08,1.1685,1.1651,1.1768,1.159,0.53,1.1745,1.1683,1.1655,1.16912,1.17441,1.201695,0.006510913914346542,1.1718
2018-07-15,1.1718,1.1746,1.1791,1.1611,-0.51,1.1685,1.1745,1.1683,1.1675,1.1716799999999998,1.198655,0.005021951811798952,1.1656
2018-07-22,1.1656,1.1677,1.1746,1.1573,0.28,1.1718,1.1685,1.1745,1.1697199999999999,1.16944,1.19566,0.0034816662677561315,1.1567
2018-07-29,1.1567,1.173,1.1751,1.162,-0.53,1.1656,1.1718,1.1685,1.16974,1.16825,1.192415,0.003451521403675604,1.141
2018-08-05,1.141,1.1659,1.1746,1.1559,-0.76,1.1567,1.1656,1.1718,1.1674200000000001,1.1674200000000001,1.188815,0.0068685515212474815,1.1437
2018-08-12,1.1437,1.1573,1.1629,1.1386,-1.36,1.141,1.1567,1.1656,1.16072,1.16492,1.18411,0.012370812422797103,1.1621
2018-08-19,1.1621,1.1388,1.1446,1.1299,0.24,1.1437,1.141,1.1567,1.15576,1.16163,1.1796900000000001,0.013400485065848554,1.1599
2018-08-26,1.1599,1.1442,1.164,1.1394,1.61,1.1621,1.1437,1.141,1.15382,1.1617700000000002,1.17639,0.010981666540194604,1.1551
2018-09-02,1.1551,1.1631,1.1734,1.1584,-0.19,1.1599,1.1621,1.1437,1.15268,1.16121,1.17274,0.009670677328916992,1.1628
2018-09-09,1.1628,1.1596,1.166,1.1529,-0.41,1.1551,1.1599,1.1621,1.15236,1.15989,1.169065,0.009529847847685126,1.1749
2018-09-16,1.1749,1.1559,1.1723,1.1525,0.67,1.1628,1.1551,1.1599,1.15672,1.1587200000000002,1.166565,0.007876674425163767,1.1608
2018-09-23,1.1608,1.1625,1.1804,1.1617,1.04,1.1749,1.1628,1.1551,1.16296,1.15936,1.16552,0.007322431290222475,1.1523
2018-09-30,1.1523,1.175,1.1816,1.1568,-1.2,1.1608,1.1749,1.1628,1.1626999999999998,1.1582599999999998,1.16385,0.007383427388417194,1.1562
2018-10-07,1.1562,1.1608,1.1629,1.1463,-0.73,1.1523,1.1608,1.1749,1.16118,1.15693,1.16259,0.008758253250507721,1.1513
2018-10-14,1.1513,1.152,1.1611,1.143,0.34,1.1562,1.1523,1.1608,1.1614,1.15688,1.16215,0.008579335638616152,1.1401
2018-10-21,1.1401,1.1559,1.1623,1.1432,-0.42,1.1513,1.1562,1.1523,1.1591,1.1579099999999998,1.1614149999999999,0.009591923686103275,1.1385
2018-10-28,1.1385,1.1507,1.1551,1.1334,-0.97,1.1401,1.1513,1.1562,1.15214,1.15755,1.15959,0.007700194802732492,1.1334
2018-11-04,1.1334,1.1407,1.1457,1.1301,-0.14,1.1385,1.1401,1.1513,1.14768,1.15519,1.15848,0.007886190461815367,1.1418
2018-11-11,1.1418,1.1392,1.1501,1.1315,-0.45,1.1334,1.1385,1.1401,1.1439,1.15254,1.156875,0.009485515273301048,1.134
2018-11-18,1.134,1.1331,1.1422,1.1214,0.74,1.1418,1.1334,1.1385,1.14102,1.15121,1.15555,0.0065488166870074915,1.1315
2018-11-25,1.1315,1.1403,1.1473,1.1326,-0.68,1.134,1.1418,1.1334,1.13756,1.14833,1.1535250000000001,0.003717929531342352,1.1376
2018-12-02,1.1376,1.1342,1.1402,1.1265,-0.22,1.1315,1.134,1.1418,1.13584,1.14399,1.151675,0.004206304791622648,1.1307
2018-12-09,1.1307,1.1314,1.1424,1.131,0.54,1.1376,1.1315,1.134,1.13566,1.14167,1.149965,0.00408142132106298,1.1367
2018-12-16,1.1367,1.1402,1.1444,1.1268,-0.61,1.1307,1.1376,1.1315,1.13512,1.13951,1.14822,0.0046007608066522205,1.1436
2018-12-23,1.1436,1.1307,1.1487,1.1299,0.53,1.1367,1.1307,1.1376,1.1340999999999999,1.13756,1.1472200000000001,0.003055323223494901,1.1393
2018-12-30,1.1393,1.1371,1.1478,1.1342,0.61,1.1436,1.1367,1.1307,1.13602,1.13679,1.1473499999999999,0.0052236960095346134,1.1467
2019-01-06,1.1467,1.1443,1.1498,1.1308,-0.38,1.1393,1.1436,1.1367,1.13758,1.13671,1.14713,0.0046719374995850054,1.1361
2019-01-13,1.1361,1.1392,1.1571,1.1392,0.65,1.1467,1.1393,1.1436,1.1394,1.13753,1.14636,0.0062032249677107295,1.1412
2019-01-20,1.1412,1.147,1.1493,1.1351,-0.92,1.1361,1.1467,1.1393,1.1404800000000002,1.1378,1.14517,0.004563112972525497,1.1454
2019-01-27,1.1454,1.137,1.1421,1.1288,0.45,1.1412,1.1361,1.1467,1.14138,1.13774,1.144475,0.004045614910002084,1.1328
2019-02-03,1.1328,1.1407,1.1517,1.1389,0.37,1.1454,1.1412,1.1361,1.14174,1.13888,1.143605,0.00436038989082759,1.1293
2019-02-10,1.1293,1.1455,1.1466,1.1319,-1.1,1.1328,1.1454,1.1412,1.1404400000000001,1.13901,1.1415000000000002,0.005949201627111903,1.1341
2019-02-17,1.1341,1.1328,1.1345,1.1233,-0.31,1.1293,1.1328,1.1454,1.13696,1.13818,1.139925,0.006440729772318514,1.1374
2019-02-24,1.1374,1.1286,1.1373,1.1274,0.43,1.1341,1.1293,1.1328,1.13656,1.1385200000000002,1.139015,0.006568333121883363,1.1238
2019-03-03,1.1238,1.1337,1.1422,1.1323,0.29,1.1374,1.1341,1.1293,1.1358000000000001,1.13859,1.1380750000000002,0.006100409822301291,1.1325
2019-03-10,1.1325,1.1379,1.1396,1.1176,-1.2,1.1238,1.1374,1.1341,1.1314799999999998,1.13661,1.1367,0.005181409074762415,1.1313
2019-03-17,1.1313,1.1238,1.1346,1.1221,0.77,1.1325,1.1238,1.1374,1.1314199999999999,1.1359299999999999,1.13632,0.005164010069706517,1.1217
2019-03-24,1.1217,1.1322,1.1448,1.1271,-0.11,1.1313,1.1325,1.1238,1.13182,1.13439,1.13596,0.005034580419462,1.1214
2019-03-31,1.1214,1.1292,1.1332,1.1207,-0.85,1.1217,1.1313,1.1325,1.12934,1.13295,1.135375,0.006477885457464643,1.13
2019-04-07,1.13,1.1216,1.1255,1.1181,-0.03,1.1214,1.1217,1.1313,1.12614,1.13097,1.1343549999999998,0.005355651220909969,1.1246
2019-04-14,1.1246,1.1216,1.1325,1.1211,0.77,1.13,1.1214,1.1217,1.12738,1.12943,1.134155,0.005396017049642556,1.1148
2019-04-21,1.1148,1.1298,1.1324,1.1224,-0.48,1.1246,1.13,1.1214,1.1258,1.12861,1.13381,0.004623310502230412,1.12
2019-04-28,1.12,1.1244,1.1263,1.111,-0.87,1.1148,1.1246,1.13,1.1225,1.12716,1.13267,0.005518151864531894,1.1233
2019-05-05,1.1233,1.1152,1.1265,1.1133,0.47,1.12,1.1148,1.1246,1.12216,1.1257499999999998,1.132135,0.005630985704122953,1.1156
2019-05-12,1.1156,1.117,1.1253,1.1158,0.29,1.1233,1.12,1.1148,1.1225399999999999,1.12434,1.131465,0.005630985704122908,1.1202
2019-05-19,1.1202,1.124,1.1265,1.1153,-0.69,1.1156,1.1233,1.12,1.11966,1.12352,1.1300649999999999,0.0044122556589618975,1.1167
2019-05-26,1.1167,1.1157,1.1212,1.1106,0.41,1.1202,1.1156,1.1233,1.11878,1.12229,1.12911,0.003531571887990165,1.1331
2019-06-02,1.1331,1.1194,1.1215,1.1114,-0.31,1.1167,1.1202,1.1156,1.11916,1.1208300000000002,1.1276100000000002,0.0030680612771002386,1.1207
2019-06-09,1.1207,1.1167,1.1347,1.1154,1.47,1.1331,1.1167,1.1202,1.12178,1.12197,1.12746,0.007016908151033305,1.1366
2019-06-16,1.1366,1.1322,1.1343,1.12,-1.09,1.1207,1.1331,1.1167,1.12126,1.1219000000000001,1.126435,0.006972302345713252,1.1368
2019-06-23,1.1368,1.1214,1.1377,1.1179,1.42,1.1366,1.1207,1.1331,1.1254600000000001,1.12256,1.125995,0.008796760767466194,1.1224
2019-06-30,1.1224,1.1359,1.1412,1.1342,0.02,1.1368,1.1366,1.1207,1.1287800000000001,1.12378,1.1261949999999998,0.009425338190220444,1.1269
2019-07-07,1.1269,1.1374,1.1374,1.1205,-1.27,1.1224,1.1368,1.1366,1.12992,1.12454,1.12585,0.007804293690016172,1.122
2019-07-14,1.122,1.1221,1.1285,1.1192,0.4,1.1269,1.1224,1.1368,1.1286800000000001,1.1252300000000002,1.1254899999999999,0.007664006784967494,1.1125
2019-07-21,1.1125,1.1267,1.1284,1.1198,-0.43,1.122,1.1269,1.1224,1.12894,1.1251000000000002,1.12472,0.0073408446380527235,1.1107
2019-07-28,1.1107,1.1216,1.1225,1.11,-0.85,1.1125,1.122,1.1269,1.12412,1.12479,1.124155,0.008817425928242044,1.1198
2019-08-04,1.1198,1.1126,1.1162,1.1025,-0.16,1.1107,1.1125,1.122,1.1189,1.1238400000000002,1.123065,0.006965270992577619,1.1089
2019-08-11,1.1089,1.1101,1.1249,1.1101,0.82,1.1198,1.1107,1.1125,1.11838,1.12415,1.12249,0.0067317902522318574,1.1144
2019-08-18,1.1144,1.1202,1.123,1.1065,-0.97,1.1089,1.1198,1.1107,1.11478,1.1217300000000001,1.1218499999999998,0.005782473519182762,1.0989
2019-08-25,1.0989,1.1092,1.1154,1.1051,0.5,1.1144,1.1089,1.1198,1.11326,1.1211,1.1215000000000002,0.004189630055273657,1.1027
2019-09-01,1.1027,1.1145,1.1166,1.0963,-1.39,1.0989,1.1144,1.1089,1.1105399999999999,1.11733,1.119945,0.00772741871520222,1.1073
2019-09-08,1.1073,1.0989,1.1085,1.0926,0.35,1.1027,1.0989,1.1144,1.10894,1.11392,1.1188500000000001,0.008477794524524664,1.1017
2019-09-15,1.1017,1.1024,1.111,1.0927,0.42,1.1073,1.1027,1.0989,1.10644,1.1124100000000001,1.1184749999999999,0.005937002610751098,1.0938
2019-09-22,1.0938,1.1087,1.1093,1.099,-0.51,1.1017,1.1073,1.1027,1.105,1.1098899999999998,1.11756,0.006063002556495268,1.0976
2019-09-29,1.0976,1.1016,1.1027,1.0905,-0.72,1.0938,1.1017,1.1073,1.10088,1.1070699999999998,1.116085,0.00498116452248611,1.104
2019-10-06,1.104,1.094,1.1,1.0878,0.35,1.0976,1.0938,1.1017,1.10062,1.10558,1.1151849999999999,0.005141692328414327,1.1169
2019-10-13,1.1169,1.0976,1.1063,1.0941,0.58,1.104,1.0976,1.0938,1.10088,1.10491,1.1143750000000001,0.005303489417362362,1.1078
2019-10-20,1.1078,1.1044,1.1173,1.0991,1.17,1.1169,1.104,1.0976,1.1027999999999998,1.10462,1.114385,0.008796306042883716,1.1165
2019-10-27,1.1165,1.1143,1.118,1.1072,-0.81,1.1078,1.1169,1.104,1.10402,1.10451,1.1131199999999999,0.00902563017190883,1.1016
2019-11-03,1.1016,1.1082,1.1176,1.1073,0.79,1.1165,1.1078,1.1169,1.10856,1.10472,1.11291,0.008277862042826455,1.105
2019-11-10,1.105,1.1165,1.1176,1.1016,-1.33,1.1016,1.1165,1.1078,1.10936,1.1049900000000001,1.11116,0.007057124060130031,1.1022
2019-11-17,1.1022,1.1022,1.1058,1.0989,0.31,1.105,1.1016,1.1165,1.1095599999999999,1.1052199999999999,1.1095700000000002,0.006879171461743498,1.1015
2019-11-24,1.1015,1.1052,1.1098,1.1014,-0.25,1.1022,1.105,1.1016,1.10662,1.10471,1.10856,0.006049132169168587,1.1057
2019-12-01,1.1057,1.1024,1.1033,1.098,-0.06,1.1015,1.1022,1.105,1.10536,1.1046900000000002,1.10729,0.006388505302500169,1.1119
2019-12-08,1.1119,1.1014,1.1116,1.1003,0.38,1.1057,1.1015,1.1022,1.1032,1.10588,1.106475,0.001996246477786877,1.1078
2019-12-15,1.1078,1.1055,1.12,1.1052,0.56,1.1119,1.1057,1.1015,1.1052600000000001,1.10731,1.106445,0.004118616272496463,1.1175
2019-12-22,1.1175,1.1122,1.1176,1.1065,-0.37,1.1078,1.1119,1.1057,1.10582,1.10769,1.1063,0.00426227638710484,1.1158
2019-12-29,1.1158,1.1081,1.1188,1.1069,0.88,1.1175,1.1078,1.1119,1.1088799999999999,1.10775,1.106185,0.006106717612602201,1.112
2020-01-05,1.112,1.1175,1.124,1.1125,-0.15,1.1158,1.1175,1.1078,1.11174,1.10855,1.10653,0.005042122568924761,1.1088
2020-01-12,1.1088,1.1168,1.1207,1.1085,-0.34,1.112,1.1158,1.1175,1.113,1.1081,1.10641,0.0037861590035361908,1.1023
2020-01-19,1.1023,1.1125,1.1173,1.1085,-0.29,1.1088,1.112,1.1158,1.11238,1.10882,1.106905,0.004238159978110674,1.1093
2020-01-26,1.1093,1.1092,1.1119,1.102,-0.59,1.1023,1.1088,1.112,1.11128,1.1085500000000001,1.106885,0.006050371889401552,1.0943
2020-02-02,1.0943,1.1021,1.1097,1.0991,0.64,1.1093,1.1023,1.1088,1.1096400000000002,1.10926,1.106985,0.004955098384498918,1.083
2020-02-09,1.083,1.1092,1.1096,1.0941,-1.35,1.0943,1.1093,1.1023,1.10534,1.10854,1.1066150000000001,0.0071262191939396305,1.0843
2020-02-16,1.0843,1.0951,1.0958,1.0827,-1.03,1.083,1.0943,1.1093,1.09954,1.10627,1.1060750000000001,0.011064040853146107,1.1025
2020-02-23,1.1025,1.0832,1.0864,1.0776,0.12,1.0843,1.083,1.0943,1.09464,1.10351,1.10541,0.011359049255993896,1.1285
2020-03-01,1.1285,1.0841,1.1054,1.0805,1.68,1.1025,1.0843,1.083,1.0946799999999999,1.10298,1.105335,0.01139306806791284,1.1105
2020-03-08,1.1105,1.1003,1.1356,1.1003,2.36,1.1285,1.1025,1.0843,1.0985200000000002,1.10408,1.105915,0.01854405565134252,1.0694
2020-03-15,1.0694,1.1292,1.1494,1.1054,-1.6,1.1105,1.1285,1.1025,1.10176,1.1035499999999998,1.10605,0.01903123747947257,1.114
2020-03-22,1.114,1.1085,1.1237,1.0637,-3.7,1.0694,1.1105,1.1285,1.09904,1.0992899999999999,1.103695,0.022950991263997484,1.0808
2020-03-29,1.0808,1.0696,1.1148,1.0637,4.17,1.114,1.0694,1.1105,1.1049799999999999,1.0998100000000002,1.1043150000000002,0.022006294554060585,1.0935
2020-04-05,1.0935,1.1136,1.1145,1.0773,-2.98,1.0808,1.114,1.0694,1.1006399999999998,1.0976599999999999,1.103105,0.024604125670303494,1.0876
2020-04-12,1.0876,1.0813,1.0953,1.0768,1.18,1.0935,1.0808,1.114,1.09364,1.0960800000000002,1.10267,0.019047650773785785,1.082
2020-04-19,1.082,1.0941,1.0991,1.0812,-0.54,1.0876,1.0935,1.0808,1.08906,1.09541,1.101975,0.016572507354052104,1.0983
2020-04-26,1.0983,1.0875,1.0898,1.0726,-0.51,1.082,1.0876,1.0935,1.09158,1.09531,1.10079,0.013510810486425481,1.084
2020-05-03,1.084,1.0809,1.1019,1.0808,1.51,1.0983,1.082,1.0876,1.0884399999999999,1.09671,1.1001100000000001,0.007472817407117001,1.0815
2020-05-10,1.0815,1.098,1.098,1.0766,-1.3,1.084,1.0983,1.082,1.08908,1.09486,1.0989200000000001,0.006757736307382038,1.09
2020-05-17,1.09,1.0838,1.0897,1.0775,-0.23,1.0815,1.084,1.0983,1.08668,1.09016,1.0971199999999999,0.006924377228322744,1.1098
2020-05-24,1.1098,1.0816,1.101,1.0799,0.79,1.09,1.0815,1.084,1.0871600000000001,1.08811,1.0958299999999999,0.007085407539451331,1.1284
2020-05-31,1.1284,1.0903,1.1146,1.087,1.82,1.1098,1.09,1.0815,1.0927200000000001,1.09215,1.0957199999999998,0.011534600123112275,1.1254
2020-06-07,1.1254,1.1097,1.1385,1.1095,1.68,1.1284,1.1098,1.09,1.09874,1.09359,1.0967,0.019955650828777587,1.1175
2020-06-14,1.1175,1.1289,1.1423,1.1212,-0.27,1.1254,1.1284,1.1098,1.10702,1.09805,1.097855,0.020878266211543445,1.1217
2020-06-21,1.1217,1.1245,1.1353,1.1168,-0.7,1.1175,1.1254,1.1284,1.11422,1.10045,1.098265,0.015353892014732307,1.1248
2020-06-28,1.1248,1.1185,1.135,1.1168,0.38,1.1217,1.1175,1.1254,1.1205599999999998,1.10386,1.099635,0.007268631232910917,1.1298
2020-07-05,1.1298,1.1227,1.1303,1.1185,0.28,1.1248,1.1217,1.1175,1.12356,1.1081400000000001,1.101725,0.004139202821805247,1.1426
2020-07-12,1.1426,1.1242,1.1372,1.124,0.44,1.1298,1.1248,1.1217,1.12384,1.11129,1.104,0.004573073364821434,1.1654
2020-07-19,1.1654,1.13,1.1452,1.1297,1.13,1.1426,1.1298,1.1248,1.12728,1.11715,1.106005,0.009669384675357056,1.1774
2020-07-26,1.1774,1.141,1.1659,1.1401,2.0,1.1654,1.1426,1.1298,1.13686,1.12554,1.10785,0.01783670373135133,1.1786
2020-08-02,1.1786,1.1646,1.191,1.1637,1.03,1.1774,1.1654,1.1426,1.1480000000000001,1.13428,1.111195,0.02272531627942663,1.1841
2020-08-09,1.1841,1.1783,1.1917,1.1696,0.1,1.1786,1.1774,1.1654,1.15876,1.14116,1.116655,0.02170824728069833,1.1795
2020-08-16,1.1795,1.1788,1.1865,1.171,0.47,1.1841,1.1786,1.1774,1.16962,1.14673,1.1201599999999998,0.016573533117591816,1.1903
2020-08-23,1.1903,1.184,1.1967,1.1754,-0.39,1.1795,1.1841,1.1786,1.177,1.15214,1.125095,0.006963117118065107,1.1838
2020-08-30,1.1838,1.1787,1.192,1.1762,0.92,1.1903,1.1795,1.1841,1.1819799999999998,1.1594200000000001,1.1299350000000001,0.005297829744327031,1.1845
2020-09-06,1.1845,1.1899,1.2012,1.1781,-0.55,1.1838,1.1903,1.1795,1.18326,1.16563,1.134745,0.00464790275284162,1.1837
2020-09-13,1.1837,1.1833,1.1918,1.1753,0.06,1.1845,1.1838,1.1903,1.18444,1.1716,1.13987,0.0038494155400358777,1.163
2020-09-20,1.163,1.184,1.1901,1.1737,-0.07,1.1837,1.1845,1.1838,1.1843599999999999,1.17699,1.14414,0.003862382684285692,1.1713
2020-09-27,1.1713,1.1848,1.1873,1.1612,-1.75,1.163,1.1837,1.1845,1.18106,1.17903,1.14809,0.010462456690466087,1.1824
2020-10-04,1.1824,1.1638,1.177,1.1615,0.71,1.1713,1.163,1.1837,1.17726,1.1796200000000001,1.15258,0.009689324021823667,1.1718
2020-10-11,1.1718,1.1716,1.1832,1.1707,0.95,1.1824,1.1713,1.163,1.17698,1.18012,1.1572,0.009470850014644382,1.1859
2020-10-18,1.1859,1.1819,1.1827,1.1688,-0.9,1.1718,1.1824,1.1713,1.1744400000000002,1.17944,1.1603,0.008614116321474716,1.1647
2020-10-25,1.1647,1.1722,1.1882,1.1703,1.2,1.1859,1.1718,1.1824,1.17488,1.17962,1.1631749999999998,0.009238885214131387,1.1872
2020-11-01,1.1872,1.1858,1.1861,1.1639,-1.79,1.1647,1.1859,1.1718,1.17522,1.1781400000000002,1.1651399999999998,0.008708444177916875,1.1832
2020-11-08,1.1832,1.1658,1.1891,1.1603,1.93,1.1872,1.1647,1.1859,1.1784,1.17783,1.168625,0.009758842144429066,1.1853
2020-11-15,1.1853,1.1882,1.192,1.1745,-0.34,1.1832,1.1872,1.1647,1.17856,1.17777,1.1717,0.009846979232225729,1.1962
2020-11-22,1.1962,1.1829,1.1895,1.1813,0.18,1.1853,1.1832,1.1872,1.18126,1.17785,1.174725,0.009369258241711411,1.212
2020-11-29,1.212,1.1853,1.1965,1.18,0.92,1.1962,1.1853,1.1832,1.18332,1.1791,1.178045,0.011528096113403618,1.2111
2020-12-06,1.2111,1.1957,1.2178,1.1924,1.32,1.212,1.1962,1.1853,1.19278,1.184,1.181515,0.011831821499661282,1.2255
2020-12-13,1.2255,1.2128,1.2167,1.2059,-0.07,1.2111,1.212,1.1962,1.19756,1.18798,1.1838,0.013694999087252063,1.2204
2020-12-20,1.2204,1.2131,1.2274,1.2115,1.19,1.2255,1.2111,1.212,1.20602,1.19229,1.186205,0.015546607346936307,1.2212
2020-12-27,1.2212,1.2242,1.2257,1.2129,-0.42,1.2204,1.2255,1.2111,1.21304,1.1971500000000002,1.188295,0.011156298669352529,1.2218
2021-01-03,1.2218,1.2202,1.2311,1.2181,0.07,1.2212,1.2204,1.2255,1.21804,1.20068,1.19015,0.00624203492458859,1.2078
2021-01-10,1.2078,1.2231,1.235,1.2191,0.05,1.2218,1.2212,1.2204,1.2200000000000002,1.2063899999999999,1.192265,0.005345558904340871,1.2167
2021-01-17,1.2167,1.2217,1.2227,1.2074,-1.15,1.2078,1.2218,1.2212,1.21934,1.20845,1.19314,0.0067407714691850905,1.2136
2021-01-24,1.2136,1.2085,1.2191,1.2054,0.74,1.2167,1.2078,1.2218,1.2175799999999999,1.2117999999999998,1.194785,0.005815668491221292,1.2042
2021-01-31,1.2042,1.2168,1.2184,1.2057,-0.25,1.2136,1.2167,1.2078,1.21622,1.21463,1.19624,0.005786363279278932,1.2118
2021-02-07,1.2118,1.214,1.2146,1.1952,-0.77,1.2042,1.2136,1.2167,1.21282,1.21543,1.197265,0.00699657058849519,1.2117
2021-02-14,1.2117,1.2042,1.215,1.2019,0.63,1.2118,1.2042,1.2136,1.21082,1.2154099999999999,1.199705,0.004904283841683749,1.2074
2021-02-21,1.2074,1.2123,1.217,1.2023,-0.01,1.2117,1.2118,1.2042,1.2116,1.21547,1.2017250000000002,0.00460488870655942,1.1917
2021-02-28,1.1917,1.2117,1.2243,1.2062,-0.35,1.2074,1.2117,1.2118,1.20974,1.21366,1.202975,0.003845516870305358,1.1952
2021-03-07,1.1952,1.2079,1.2113,1.1894,-1.3,1.1917,1.2074,1.2117,1.20536,1.21079,1.2039700000000002,0.008273028466034229,1.1903
2021-03-14,1.1903,1.1922,1.199,1.1835,0.29,1.1952,1.1917,1.2074,1.20356,1.20819,1.2044350000000001,0.009479609696597066,1.1796
2021-03-21,1.1796,1.1952,1.199,1.1874,-0.41,1.1903,1.1952,1.1917,1.19926,1.20504,1.2057149999999999,0.009681580449483917,1.1762
2021-03-28,1.1762,1.1899,1.1947,1.1761,-0.9,1.1796,1.1903,1.1952,1.19284,1.20222,1.205335,0.010007647076103687,1.1896
2021-04-04,1.1896,1.1795,1.1797,1.1703,-0.29,1.1762,1.1796,1.1903,1.1865999999999999,1.19817,1.204985,0.00822830480718011,1.1983
2021-04-11,1.1983,1.1761,1.1928,1.1738,1.14,1.1896,1.1762,1.1796,1.18618,1.19577,1.2052,0.007951855129456538,1.2099
2021-04-18,1.2099,1.1891,1.1996,1.187,0.73,1.1983,1.1896,1.1762,1.1867999999999999,1.1951800000000001,1.2053049999999998,0.008895785518989402,1.2018
2021-04-25,1.2018,1.1984,1.21,1.1942,0.97,1.2099,1.1983,1.1896,1.19072,1.19499,1.2052,0.013793730459881052,1.2163
2021-05-02,1.2163,1.2093,1.215,1.2016,-0.67,1.2018,1.2099,1.1983,1.19516,1.194,1.204735,0.012860909765636258,1.214
2021-05-09,1.214,1.2031,1.2172,1.1985,1.21,1.2163,1.2018,1.2099,1.2031800000000001,1.19489,1.204275,0.010337165955899879,1.2179
2021-05-16,1.2179,1.2161,1.2182,1.205,-0.19,1.214,1.2163,1.2018,1.20806,1.19712,1.203955,0.007762280592699723,1.2189
2021-05-23,1.2189,1.214,1.2246,1.2126,0.32,1.2179,1.214,1.2163,1.21198,1.19939,1.2037900000000001,0.006437157757876728,1.2165
2021-05-30,1.2165,1.2178,1.2267,1.2132,0.08,1.2189,1.2179,1.214,1.2137799999999999,1.20225,1.203645,0.0069481652254237865,1.2106
2021-06-06,1.2106,1.2192,1.2255,1.2104,-0.2,1.2165,1.2189,1.2179,1.21672,1.20594,1.2040799999999998,0.0018552627845620528,1.186
2021-06-13,1.186,1.2168,1.2219,1.2092,-0.49,1.2106,1.2165,1.2189,1.2155799999999999,1.20938,1.2037749999999998,0.003337214407224078,1.1933
2021-06-20,1.1933,1.211,1.2149,1.1846,-2.03,1.186,1.2106,1.2165,1.20998,1.20902,1.2023949999999999,0.013786116204348404,1.1864
2021-06-27,1.1864,1.1868,1.1976,1.1847,0.62,1.1933,1.186,1.2106,1.20506,1.20852,1.2018499999999999,0.014617557935572156,1.1873
2021-07-04,1.1873,1.1935,1.1946,1.1806,-0.58,1.1864,1.1933,1.186,1.19856,1.20617,1.20058,0.014142948773145692,1.1805
2021-07-11,1.1805,1.1862,1.1896,1.1782,0.08,1.1873,1.1864,1.1933,1.19272,1.20472,1.19936,0.010422427740207048,1.1771
2021-07-18,1.1771,1.1872,1.1881,1.1772,-0.57,1.1805,1.1873,1.1864,1.1867,1.20114,1.198015,0.004553570027994713,1.187
2021-07-25,1.187,1.1808,1.1831,1.1752,-0.29,1.1771,1.1805,1.1873,1.18492,1.19745,1.197285,0.006300158728147745,1.176
2021-08-01,1.176,1.1778,1.191,1.1763,0.84,1.187,1.1771,1.1805,1.1836600000000002,1.19436,1.196875,0.00460792795081039,1.1791
2021-08-08,1.1791,1.1864,1.1901,1.1753,-0.93,1.176,1.187,1.1771,1.18158,1.19007,1.1961600000000001,0.00534948595660042,1.1696
2021-08-15,1.1696,1.1762,1.1805,1.1705,0.26,1.1791,1.176,1.187,1.17994,1.1863299999999999,1.196135,0.004314278618711227,1.1793
2021-08-22,1.1793,1.1794,1.1802,1.1664,-0.81,1.1696,1.1791,1.176,1.1777600000000001,1.1822300000000001,1.195805,0.006270805370913172,1.1882
2021-08-29,1.1882,1.1694,1.1803,1.1691,0.83,1.1793,1.1696,1.1791,1.1782,1.18156,1.19529,0.006290071541713386,1.1814
2021-09-05,1.1814,1.1793,1.191,1.1782,0.75,1.1882,1.1793,1.1696,1.17844,1.18105,1.194785,0.006718109853215514,1.1725
2021-09-12,1.1725,1.1879,1.1888,1.1802,-0.57,1.1814,1.1882,1.1793,1.17952,1.18055,1.19336,0.006661606412860871,1.1714
2021-09-19,1.1714,1.1813,1.1846,1.1724,-0.75,1.1725,1.1814,1.1882,1.1782,1.1790699999999998,1.1918950000000001,0.00738071812223387,1.1594
2021-09-26,1.1594,1.1732,1.1757,1.1683,-0.09,1.1714,1.1725,1.1814,1.1785599999999998,1.1781599999999999,1.1896499999999999,0.006883531070596753,1.1567
2021-10-03,1.1567,1.1724,1.1728,1.1562,-1.02,1.1594,1.1714,1.1725,1.1745800000000002,1.17639,1.18692,0.010918882726720779,1.16
2021-10-10,1.16,1.1593,1.1641,1.1529,-0.23,1.1567,1.1594,1.1714,1.16828,1.17336,1.18386,0.010156623454667352,1.1647
2021-10-17,1.1647,1.1571,1.1625,1.1524,0.29,1.16,1.1567,1.1594,1.1640000000000001,1.1717600000000001,1.1809150000000002,0.007373262507188439,1.1561
2021-10-24,1.1561,1.1597,1.167,1.1571,0.41,1.1647,1.16,1.1567,1.16244,1.17032,1.178325,0.005777802350367694,1.1566
2021-10-31,1.1566,1.1644,1.1693,1.1535,-0.74,1.1561,1.1647,1.16,1.15938,1.16897,1.1756,0.003414234906962653,1.145
2021-11-07,1.145,1.1559,1.1617,1.1513,0.04,1.1566,1.1561,1.1647,1.15882,1.1667,1.1741300000000001,0.0036327675400338274,1.1288
2021-11-14,1.1288,1.1555,1.1609,1.1432,-1.0,1.145,1.1566,1.1561,1.15648,1.16238,1.171715,0.007278530071376236,1.1317
2021-11-21,1.1317,1.1452,1.1465,1.125,-1.41,1.1288,1.145,1.1566,1.15024,1.1571200000000001,1.168835,0.013883551418853213,1.1313
2021-11-28,1.1313,1.1292,1.1331,1.1185,0.26,1.1317,1.1288,1.145,1.14364,1.15304,1.166055,0.013113466360957173,1.1311
2021-12-05,1.1311,1.1309,1.1384,1.1236,-0.04,1.1313,1.1317,1.1288,1.13868,1.1490300000000002,1.163595,0.011851877488396804,1.1239
2021-12-12,1.1239,1.1321,1.1356,1.1228,-0.02,1.1311,1.1313,1.1317,1.1335799999999998,1.1461999999999999,1.161295,0.006483594681962799,1.1317
2021-12-19,1.1317,1.1316,1.1361,1.1221,-0.64,1.1239,1.1311,1.1313,1.12936,1.14292,1.15814,0.003255456957169553,1.1368
2021-12-26,1.1368,1.1242,1.1344,1.1234,0.69,1.1317,1.1239,1.1311,1.12994,1.14009,1.155925,0.0033864435622025226,1.1359
2022-01-02,1.1359,1.1318,1.1387,1.1273,0.45,1.1368,1.1317,1.1239,1.13096,1.1373,1.15381,0.004599782603556599,1.1414
2022-01-09,1.1414,1.1365,1.1381,1.1272,-0.08,1.1359,1.1368,1.1317,1.13188,1.1352799999999998,1.1521249999999998,0.005115857699348247,1.134
2022-01-16,1.134,1.1353,1.1484,1.1285,0.48,1.1414,1.1359,1.1368,1.13394,1.13376,1.15023,0.006585818096484167,1.1143
2022-01-23,1.1143,1.1414,1.1436,1.13,-0.65,1.134,1.1414,1.1359,1.13596,1.13266,1.1475199999999999,0.0036156603822781836,1.1446
2022-01-30,1.1446,1.1343,1.1346,1.1121,-1.74,1.1143,1.134,1.1414,1.13248,1.13121,1.1441649999999999,0.010520788943799712,1.1349
2022-02-06,1.1349,1.1147,1.1485,1.1138,2.72,1.1446,1.1143,1.134,1.1340400000000002,1.1324999999999998,1.14277,0.011819602362176874,1.1321
2022-02-13,1.1321,1.1468,1.1496,1.1329,-0.85,1.1349,1.1446,1.1143,1.13384,1.1328600000000002,1.1409449999999999,0.01178868101188498,1.1267
2022-02-20,1.1267,1.1344,1.1396,1.1279,-0.25,1.1321,1.1349,1.1446,1.13198,1.1329600000000002,1.13958,0.011005316896844877,1.0926
2022-02-27,1.0926,1.1315,1.1391,1.1106,-0.48,1.1267,1.1321,1.1349,1.13052,1.13324,1.13808,0.011153564452675244,1.0909
2022-03-06,1.0909,1.1179,1.1247,1.0886,-3.03,1.0926,1.1267,1.1321,1.12618,1.12933,1.1347099999999999,0.019863710630191572,1.1055
2022-03-13,1.1055,1.0953,1.1121,1.0805,-0.16,1.0909,1.0926,1.1267,1.11544,1.12474,1.13102,0.02183410176764768,1.0981
2022-03-20,1.0981,1.0943,1.1138,1.09,1.34,1.1055,1.0909,1.0926,1.10956,1.1217,1.12849,0.019066672494171648,1.1053
2022-03-27,1.1053,1.1059,1.107,1.096,-0.67,1.0981,1.1055,1.0909,1.10276,1.11737,1.125565,0.014545033516633936,1.0876
2022-04-03,1.0876,1.0989,1.1185,1.0944,0.66,1.1053,1.0981,1.1055,1.09848,1.1145,1.12358,0.0068550711156053065,1.0806
2022-04-10,1.0806,1.1039,1.1056,1.0836,-1.6,1.0876,1.1053,1.0981,1.09748,1.1118299999999999,1.1215199999999999,0.008166517005431844,1.0794
2022-04-17,1.0794,1.0935,1.0951,1.0757,-0.64,1.0806,1.0876,1.1053,1.09542,1.1054300000000001,1.118965,0.01103616781315004,1.0541
2022-04-24,1.0541,1.0805,1.0937,1.0761,-0.11,1.0794,1.0806,1.0876,1.0902,1.09988,1.11637,0.011246999599893916,1.0551
2022-05-01,1.0551,1.0841,1.0842,1.0471,-2.34,1.0541,1.0794,1.0806,1.0814,1.09208,1.11252,0.01843624148247198,1.0411
2022-05-08,1.0411,1.055,1.0642,1.0482,0.09,1.0551,1.0541,1.0794,1.0713599999999999,1.0849199999999999,1.10908,0.015620915466131669,1.056
2022-05-15,1.056,1.0552,1.0594,1.035,-1.33,1.0411,1.0551,1.0541,1.06206,1.07977,1.10455,0.017288232992415387,1.0727
2022-05-22,1.0727,1.0405,1.0608,1.0388,1.43,1.056,1.0411,1.0551,1.05714,1.07628,1.10051,0.013851822984720914,1.0718
2022-05-29,1.0718,1.0572,1.0766,1.0558,1.58,1.0727,1.056,1.0411,1.0558,1.073,1.09735,0.011237437430306106,1.0515
2022-06-05,1.0515,1.0737,1.0788,1.0626,-0.08,1.0718,1.0727,1.056,1.05934,1.07037,1.0938700000000001,0.013186849510024964,1.0498
2022-06-12,1.0498,1.0722,1.0775,1.0505,-1.89,1.0515,1.0718,1.0727,1.0586200000000001,1.06499,1.0897450000000002,0.013568971958112575,1.0554
2022-06-19,1.0554,1.0513,1.0602,1.0359,-0.16,1.0498,1.0515,1.0718,1.06036,1.06121,1.08652,0.01109247492672595,1.0428
2022-06-26,1.0428,1.0472,1.0606,1.0468,0.53,1.0554,1.0498,1.0515,1.0602399999999998,1.05869,1.08206,0.011154505816038832,1.0183
2022-07-03,1.0183,1.0555,1.0616,1.0366,-1.19,1.0428,1.0554,1.0498,1.05426,1.05503,1.077455,0.010814249858406512,1.0087
2022-07-10,1.0087,1.0424,1.0464,1.0072,-2.35,1.0183,1.0428,1.0554,1.04356,1.05145,1.071765,0.014839238524939277,1.021
2022-07-17,1.021,1.0173,1.0185,0.9952,-0.94,1.0087,1.0183,1.0428,1.0349999999999997,1.04681,1.065865,0.020412128747390287,1.0218
2022-07-24,1.0218,1.0085,1.0279,1.0078,1.22,1.021,1.0087,1.0183,1.0292400000000002,1.0448,1.062285,0.019220379808943235,1.0181
2022-07-31,1.0181,1.0212,1.0259,1.0096,0.08,1.0218,1.021,1.0087,1.0225199999999999,1.0413799999999998,1.05883,0.01247906246478597,1.0258
2022-08-07,1.0258,1.0218,1.0295,1.0122,-0.36,1.0181,1.0218,1.021,1.01758,1.03592,1.05446,0.005223696009534688,1.0034
2022-08-14,1.0034,1.0179,1.0369,1.0158,0.76,1.0258,1.0181,1.0218,1.01908,1.03132,1.050845,0.006421604160957741,0.9961
2022-08-21,0.9961,1.0263,1.027,1.0031,-2.18,1.0034,1.0258,1.0181,1.0180200000000001,1.02651,1.04575,0.008623340420047665,0.9951
2022-08-28,0.9951,1.0041,1.0091,0.99,-0.73,0.9961,1.0034,1.0258,1.0130400000000002,1.02114,1.041175,0.012698936963384963,1.0039
2022-09-04,1.0039,0.9977,1.0079,0.9911,-0.1,0.9951,0.9961,1.0034,1.0077,1.01511,1.0369,0.013670954611877702,1.0015
2022-09-11,1.0015,0.995,1.0114,0.9863,0.88,1.0039,0.9951,0.9961,1.00486,1.01122,1.0331249999999998,0.012384789057550279,0.969
2022-09-18,0.969,1.008,1.0199,0.9944,-0.24,1.0015,1.0039,0.9951,1.0,1.0095399999999999,1.030495,0.004130375285614159,0.9799
2022-09-25,0.9799,1.0012,1.0051,0.9668,-3.25,0.969,1.0015,1.0039,0.99312,1.00557,1.0261900000000002,0.013973260177925783,0.9741
2022-10-02,0.9741,0.9679,0.9855,0.9535,1.12,0.9799,0.969,1.0015,0.98988,1.00146,1.02313,0.0149533273889126,0.9719
2022-10-09,0.9719,0.98,1.0,0.9725,-0.59,0.9741,0.9799,0.969,0.98568,0.9966900000000001,1.0190350000000001,0.01603097002679502,0.986
2022-10-16,0.986,0.9736,0.9809,0.9632,-0.23,0.9719,0.9741,0.9799,0.9792799999999999,0.99207,1.013995,0.013048831365298386,0.9963
2022-10-23,0.9963,0.9726,0.9876,0.9704,1.45,0.986,0.9719,0.9741,0.9761799999999999,0.98809,1.0097049999999999,0.006790949859923265,0.996
2022-10-30,0.996,0.9867,1.0094,0.9807,1.04,0.9963,0.986,0.9719,0.98164,0.9873800000000001,1.006945,0.00985738301984842,1.0352
2022-11-06,1.0352,0.9947,0.9977,0.9729,-0.03,0.996,0.9963,0.986,0.98486,0.9873700000000001,1.0042550000000001,0.01161907913734986,1.0324
2022-11-13,1.0324,0.9911,1.0365,0.9899,3.94,1.0352,0.996,0.9963,0.9970800000000001,0.99138,1.003245,0.023514399843500355,1.0395
2022-11-20,1.0395,1.0366,1.0481,1.0271,-0.27,1.0324,1.0352,0.996,1.00918,0.99423,1.0027249999999999,0.02287535792069761,1.0538
2022-11-27,1.0538,1.0318,1.045,1.0223,0.69,1.0395,1.0324,1.0352,1.0198800000000001,0.99803,1.003785,0.021809791379103976,1.053
2022-12-04,1.053,1.0382,1.0546,1.0289,1.38,1.0538,1.0395,1.0324,1.03138,1.00651,1.00604,0.021424098580805035,1.0582
2022-12-11,1.0582,1.0517,1.0596,1.0443,-0.08,1.053,1.0538,1.0395,1.04278,1.01382,1.0076399999999999,0.010023073380957762,1.0614
2022-12-18,1.0614,1.0528,1.0737,1.0506,0.49,1.0582,1.053,1.0538,1.04738,1.02223,1.0094600000000002,0.01091292811302574,1.0702
2022-12-25,1.0702,1.0591,1.066,1.0573,0.3,1.0614,1.0582,1.053,1.0531799999999998,1.03118,1.011625,0.008371499268355145,1.0644
2023-01-01,1.0644,1.0611,1.0714,1.0604,0.83,1.0702,1.0614,1.0582,1.05932,1.0395999999999999,1.013845,0.006970796224254061,1.0828
2023-01-08,1.0828,1.0702,1.0708,1.0483,-0.54,1.0644,1.0702,1.0614,1.06144,1.04641,1.0168949999999999,0.006465910608729138,1.0855
2023-01-15,1.0855,1.0637,1.0869,1.0636,1.73,1.0828,1.0644,1.0702,1.0674000000000001,1.0550899999999999,1.0212299999999999,0.009677809669552204,1.0867
2023-01-22,1.0867,1.0834,1.0889,1.0766,0.25,1.0855,1.0828,1.0644,1.07286,1.06012,1.02575,0.010823030998758107,1.0793
2023-01-29,1.0793,1.086,1.093,1.0834,0.11,1.0867,1.0855,1.0828,1.07792,1.06555,1.02989,0.010009345632961231,1.0675
2023-02-05,1.0675,1.0875,1.1034,1.0791,-0.68,1.0793,1.0867,1.0855,1.07974,1.0695299999999999,1.03378,0.00903454481421622,1.0694
2023-02-12,1.0694,1.079,1.0799,1.0666,-1.09,1.0675,1.0793,1.0867,1.08036,1.0709,1.038705,0.007730976652408334,1.0546
2023-02-19,1.0546,1.0679,1.0805,1.0612,0.18,1.0694,1.0675,1.0793,1.0776799999999997,1.07254,1.04318,0.008906851295496168,1.0632
2023-02-26,1.0632,1.0688,1.0705,1.0536,-1.38,1.0546,1.0694,1.0675,1.0715,1.07218,1.047205,0.012225996891872665,1.0643
2023-03-05,1.0643,1.0541,1.0692,1.0532,0.82,1.0632,1.0546,1.0694,1.0668,1.07236,1.0517699999999999,0.009018037480520864,1.0666
2023-03-12,1.0666,1.0619,1.0702,1.0524,0.1,1.0643,1.0632,1.0546,1.0637999999999999,1.0717700000000001,1.055685,0.005707451270057354,1.0759
2023-03-19,1.0759,1.0647,1.0761,1.0516,0.22,1.0666,1.0643,1.0632,1.06362,1.07199,1.0592,0.005574226403733481,1.0839
2023-03-26,1.0839,1.0697,1.0931,1.0631,0.87,1.0759,1.0666,1.0643,1.0649199999999999,1.0713000000000001,1.063195,0.00763590204233138,1.0897
2023-04-02,1.0897,1.0767,1.0927,1.0745,0.74,1.0839,1.0759,1.0666,1.0707799999999998,1.0711400000000002,1.06563,0.008877893894392001,1.1
2023-04-09,1.1,1.0847,1.0974,1.0788,0.54,1.0897,1.0839,1.0759,1.07608,1.07144,1.068495,0.010901009127602968,1.0987
2023-04-16,1.0987,1.0901,1.1077,1.0831,0.95,1.1,1.0897,1.0839,1.08322,1.0735100000000002,1.07152,0.012785030308923244,1.102
2023-04-23,1.102,1.099,1.1,1.0908,-0.12,1.0987,1.1,1.0897,1.08964,1.07663,1.0737649999999999,0.010138441694860658,1.1017
2023-04-30,1.1017,1.0991,1.1096,1.0962,0.3,1.102,1.0987,1.1,1.0948600000000002,1.07989,1.076215,0.007728065734716164,1.0848
2023-05-07,1.0848,1.1035,1.1092,1.0941,-0.03,1.1017,1.102,1.0987,1.09842,1.0846,1.07839,0.005054404020267551,1.0802
2023-05-14,1.0802,1.1033,1.1055,1.0848,-1.53,1.0848,1.1017,1.102,1.09744,1.0867600000000002,1.07956,0.007191175147366087,1.0724
2023-05-21,1.0724,1.0856,1.0905,1.076,-0.42,1.0802,1.0848,1.1017,1.09348,1.08835,1.08006,0.010236063696562825,1.0706
2023-05-28,1.0706,1.0814,1.0832,1.0701,-0.72,1.0724,1.0802,1.0848,1.0882200000000002,1.08893,1.08046,0.013208784955478881,1.0747
2023-06-04,1.0747,1.0726,1.078,1.0634,-0.17,1.0706,1.0724,1.0802,1.08194,1.0884,1.07985,0.012462664241649,1.0933
2023-06-11,1.0933,1.0712,1.0788,1.0667,0.38,1.0747,1.0706,1.0724,1.07654,1.08748,1.07931,0.0058615697556260666,1.0889
2023-06-18,1.0889,1.0751,1.0971,1.0733,1.73,1.0933,1.0747,1.0706,1.07824,1.0878400000000001,1.07964,0.009160403921229254,1.091
2023-06-25,1.091,1.0942,1.1012,1.0843,-0.4,1.0889,1.0933,1.0747,1.07998,1.08673,1.0801200000000002,0.010371933281701844,1.0967
2023-07-02,1.0967,1.0897,1.0977,1.0834,0.19,1.091,1.0889,1.0933,1.0836999999999999,1.08596,1.081295,0.010308976670847576,1.1227
2023-07-09,1.1227,1.0911,1.0975,1.0833,0.52,1.0967,1.091,1.0889,1.0889199999999999,1.0854300000000001,1.0826600000000002,0.008459432605091584,1.1123
2023-07-16,1.1123,1.0971,1.1245,1.0943,2.37,1.1227,1.0967,1.091,1.09852,1.08753,1.086065,0.013823241298628145,1.1015
2023-07-23,1.1015,1.1235,1.1277,1.1107,-0.93,1.1123,1.1227,1.0967,1.10232,1.09028,1.0885200000000002,0.014618207824494203,1.101
2023-07-30,1.101,1.1127,1.115,1.0943,-0.97,1.1015,1.1123,1.1227,1.10484,1.0924099999999999,1.09038,0.012684557540572974,1.0944
2023-08-06,1.0944,1.1023,1.1047,1.0912,-0.05,1.101,1.1015,1.1123,1.10684,1.09527,1.0921,0.010568727454150273,1.0865
2023-08-13,1.0865,1.1018,1.1065,1.0928,-0.6,1.0944,1.101,1.1015,1.10638,1.0976500000000002,1.0930250000000001,0.011154236863188277,1.08
2023-08-20,1.08,1.0953,1.0961,1.0845,-0.72,1.0865,1.0944,1.101,1.09914,1.09883,1.0931549999999999,0.009545312985968318,1.0773
2023-08-27,1.0773,1.0878,1.0932,1.0766,-0.6,1.08,1.0865,1.0944,1.09268,1.0975,1.09267,0.009340074946170547,1.0699
2023-09-03,1.0699,1.0801,1.0947,1.0771,-0.25,1.0773,1.08,1.0865,1.0878400000000001,1.09634,1.091535,0.009881447262424363,1.0655
2023-09-10,1.0655,1.0777,1.081,1.0686,-0.69,1.0699,1.0773,1.08,1.0816200000000002,1.09423,1.090095,0.009297687884633539,1.0652
2023-09-17,1.0652,1.0716,1.0769,1.0631,-0.41,1.0655,1.0699,1.0773,1.07584,1.09111,1.08827,0.008295661516723571,1.057
2023-09-24,1.057,1.0663,1.0738,1.0614,-0.03,1.0652,1.0655,1.0699,1.07158,1.08536,1.0864449999999999,0.006784320157542487,1.0586
2023-10-01,1.0586,1.0655,1.0656,1.0488,-0.77,1.057,1.0652,1.0655,1.06698,1.0798299999999998,1.0850549999999999,0.007415996224380421,1.0509
2023-10-08,1.0509,1.0568,1.0601,1.0448,0.15,1.0586,1.057,1.0652,1.06324,1.07554,1.0839750000000001,0.005333197914948879,1.0593
2023-10-15,1.0593,1.0563,1.064,1.0495,-0.73,1.0509,1.0586,1.057,1.05944,1.07053,1.0829,0.006113346055966752,1.0564
2023-10-22,1.0564,1.0507,1.0618,1.0507,0.8,1.0593,1.0509,1.0586,1.0582,1.0670199999999999,1.082335,0.005125914552545824,1.0729
2023-10-29,1.0729,1.0594,1.0695,1.0522,-0.27,1.0564,1.0593,1.0509,1.0564399999999998,1.0640100000000001,1.08142,0.0033110421320177172,1.0681
2023-11-05,1.0681,1.0566,1.0747,1.0517,1.56,1.0729,1.0564,1.0593,1.05962,1.0633,1.0804,0.00812262272914388,1.0907
2023-11-12,1.0907,1.0729,1.0757,1.0655,-0.45,1.0681,1.0729,1.0564,1.0615199999999998,1.0623799999999999,1.07936,0.00889842682725493,1.0939
2023-11-19,1.0939,1.0684,1.0917,1.0664,2.12,1.0907,1.0681,1.0729,1.06948,1.06446,1.079345,0.013588671752604425,1.0881
2023-11-26,1.0881,1.0913,1.0965,1.0852,0.29,1.0939,1.0907,1.0681,1.0764,1.0673,1.079205,0.01574706321826534,1.0761
2023-12-03,1.0761,1.0937,1.1018,1.0828,-0.53,1.0881,1.0939,1.0907,1.0827399999999998,1.06959,1.0774750000000002,0.011486862060635112,1.0894
2023-12-10,1.0894,1.0887,1.0896,1.0723,-1.1,1.0761,1.0881,1.0939,1.08338,1.0715,1.075665,0.010874373545177654,1.101
2023-12-17,1.101,1.0762,1.101,1.0741,1.24,1.0894,1.0761,1.0881,1.08764,1.07458,1.0750600000000001,0.006801323400638031,1.1036
2023-12-24,1.1036,1.0903,1.1041,1.0891,1.06,1.101,1.0894,1.0761,1.0897000000000001,1.07959,1.07506,0.009123321763484455,1.0941
2023-12-31,1.0941,1.1017,1.1141,1.0993,0.24,1.1036,1.101,1.0894,1.09164,1.08402,1.0755199999999998,0.011064492758372242,1.0949
2024-01-07,1.0949,1.1044,1.1048,1.0876,-0.86,1.0941,1.1036,1.101,1.09284,1.08779,1.0759,0.01090884961854705,1.0897
2024-01-14,1.0897,1.0946,1.0991,1.091,0.07,1.0949,1.0941,1.1036,1.0966,1.08999,1.0766449999999999,0.005686387253791325,1.0852
2024-01-21,1.0852,1.0955,1.0969,1.0844,-0.47,1.0897,1.0949,1.0941,1.09666,1.09215,1.077265,0.005592226747913621,1.0784
2024-01-28,1.0784,1.0891,1.0933,1.0812,-0.41,1.0852,1.0897,1.0949,1.0935000000000001,1.0916000000000001,1.07803,0.006849452532872614,1.0782
2024-02-04,1.0782,1.0849,1.0898,1.0779,-0.63,1.0784,1.0852,1.0897,1.08846,1.09005,1.078675,0.006831032132852733,1.0774
2024-02-11,1.0774,1.0784,1.0796,1.0723,-0.02,1.0782,1.0784,1.0852,1.08528,1.08906,1.079325,0.007237886431829455,1.0818
2024-02-18,1.0818,1.0781,1.0806,1.0695,-0.07,1.0774,1.0782,1.0784,1.08178,1.0891899999999999,1.080345,0.005427890934797356,1.0837
2024-02-25,1.0837,1.0776,1.0889,1.0761,0.41,1.0818,1.0774,1.0782,1.0802,1.08843,1.081505,0.0032649655434710497,1.0937
2024-03-03,1.0937,1.0826,1.0867,1.0795,0.18,1.0837,1.0818,1.0774,1.0798999999999999,1.0867,1.083145,0.002712931993259891,1.0887
2024-03-10,1.0887,1.0842,1.0982,1.0838,0.92,1.0937,1.0837,1.0818,1.08296,1.0857100000000002,1.0848650000000002,0.00653475324706738,1.0805
2024-03-17,1.0805,1.0944,1.0964,1.0872,-0.46,1.0887,1.0937,1.0837,1.08506,1.08517,1.0864800000000001,0.006305790989246451,1.0793
2024-03-24,1.0793,1.0893,1.0943,1.0802,-0.75,1.0805,1.0887,1.0937,1.08568,1.08373,1.0868600000000002,0.005460036629919486,1.0835
2024-03-31,1.0835,1.0808,1.0865,1.0767,-0.11,1.0793,1.0805,1.0887,1.0851799999999998,1.08269,1.08742,0.005992662179704632,1.0642
2024-04-07,1.0642,1.0788,1.0877,1.0724,0.39,1.0835,1.0793,1.0805,1.08514,1.0825200000000001,1.08706,0.006005663993270217,1.0654
2024-04-14,1.0654,1.0843,1.0886,1.0622,-1.78,1.0642,1.0835,1.0793,1.07924,1.0811,1.085575,0.009157401378123296,1.0692
2024-04-21,1.0692,1.0637,1.069,1.0601,0.11,1.0654,1.0642,1.0835,1.0745799999999999,1.07982,1.0844399999999998,0.009067910453905514,1.0758
2024-04-28,1.0758,1.0656,1.0754,1.0623,0.36,1.0692,1.0654,1.0642,1.07232,1.0790000000000002,1.084095,0.008620730827490543,1.0769
2024-05-05,1.0769,1.0695,1.0813,1.0649,0.62,1.0758,1.0692,1.0654,1.07162,1.0783999999999998,1.083415,0.008034425928468399,1.087
2024-05-12,1.087,1.0762,1.0791,1.0724,0.1,1.0769,1.0758,1.0692,1.0703,1.0777199999999998,1.0822100000000001,0.005836094584569748,1.0845
2024-05-19,1.0845,1.0774,1.0896,1.0766,0.94,1.087,1.0769,1.0758,1.07486,1.0770499999999998,1.08138,0.008275747700362067,1.0841
2024-05-26,1.0841,1.0866,1.0885,1.0805,-0.23,1.0845,1.087,1.0769,1.0786799999999999,1.07663,1.0809,0.007148916001748127,1.08
2024-06-02,1.08,1.0854,1.089,1.0788,-0.04,1.0841,1.0845,1.087,1.0816599999999998,1.07699,1.0803600000000002,0.004988286278879011,1.07
2024-06-09,1.07,1.0851,1.0917,1.0799,-0.38,1.08,1.0841,1.0845,1.0825,1.07706,1.079875,0.004013103537170905,1.0691
2024-06-16,1.0691,1.0797,1.0853,1.0668,-0.93,1.07,1.08,1.0841,1.0811199999999999,1.0757100000000002,1.079115,0.006704252381888066,1.0713
2024-06-23,1.0713,1.0702,1.0762,1.067,-0.08,1.0691,1.07,1.08,1.07754,1.0762,1.07865,0.00751019307342023,1.0836
2024-06-30,1.0836,1.0688,1.0747,1.0666,0.21,1.0713,1.0691,1.07,1.0749,1.0767900000000001,1.0783049999999998,0.006731641701698587,1.0906
2024-07-07,1.0906,1.0728,1.0843,1.0709,1.15,1.0836,1.0713,1.0691,1.0748000000000002,1.07823,1.078615,0.006562392856271798,1.0877
2024-07-14,1.0877,1.0809,1.0912,1.0802,0.65,1.0906,1.0836,1.0713,1.0769199999999999,1.07971,1.0790549999999999,0.00964867866601686,1.0857
2024-07-21,1.0857,1.0887,1.0948,1.0871,-0.27,1.0877,1.0906,1.0836,1.08046,1.08079,1.079255,0.009721779672470014,1.0908
2024-07-28,1.0908,1.0881,1.0904,1.0826,-0.18,1.0857,1.0877,1.0906,1.08378,1.0806600000000002,1.078855,0.007438884324954442,1.0916
2024-08-04,1.0916,1.0864,1.0927,1.0776,0.47,1.0908,1.0857,1.0877,1.08768,1.08129,1.07896,0.003115605880090501,1.1028
2024-08-11,1.1028,1.0922,1.1008,1.0882,0.07,1.0916,1.0908,1.0857,1.08928,1.08204,1.079515,0.0024873680869656072,1.119
2024-08-18,1.119,1.0915,1.1048,1.0911,1.03,1.1028,1.0916,1.0908,1.09172,1.08432,1.08069,0.006633777204583859,1.1047
2024-08-25,1.1047,1.1024,1.12,1.1022,1.47,1.119,1.1028,1.0916,1.0979800000000002,1.0892199999999999,1.082465,0.013305337274945714,1.1083
2024-09-01,1.1083,1.1188,1.1202,1.1044,-1.28,1.1047,1.119,1.1028,1.1017800000000002,1.0927799999999999,1.0844900000000002,0.011513991488622147,1.1076
2024-09-08,1.1076,1.1047,1.1156,1.1026,0.33,1.1083,1.1047,1.119,1.10528,1.09648,1.086635,0.009886708248960579,1.1162
2024-09-15,1.1162,1.1082,1.1102,1.1002,-0.06,1.1076,1.1083,1.1047,1.10848,1.09888,1.088555,0.006285459410422269,1.1163
2024-09-22,1.1163,1.1078,1.119,1.1068,0.78,1.1162,1.1076,1.1083,1.1111600000000001,1.10144,1.090575,0.006112528118550186,1.0976
2024-09-29,1.0976,1.1163,1.1214,1.1083,0.01,1.1163,1.1162,1.1076,1.11062,1.1043,1.0925449999999999,0.005313849828520451,1.0937
2024-10-06,1.0937,1.1159,1.1209,1.0951,-1.68,1.0976,1.1163,1.1162,1.1092,1.10549,1.093075,0.007702921523686144,1.0866
2024-10-13,1.0866,1.0976,1.0998,1.0899,-0.36,1.0937,1.0976,1.1163,1.10628,1.10578,1.093535,0.010418109233448622,1.0793
2024-10-20,1.0793,1.0933,1.0937,1.0811,-0.65,1.0866,1.0937,1.0976,1.10208,1.10528,1.0936599999999999,0.013523202283485487,1.0834
2024-10-27,1.0834,1.0861,1.0872,1.0761,-0.67,1.0793,1.0866,1.0937,1.0947,1.10293,1.0936249999999998,0.013952956675918773,1.0718
2024-11-03,1.0718,1.0797,1.0905,1.0769,0.38,1.0834,1.0793,1.0866,1.08812,1.09937,1.094295,0.007473085038995956,1.0541
2024-11-10,1.0541,1.086,1.0938,1.0682,-1.07,1.0718,1.0834,1.0793,1.08296,1.0960800000000002,1.09443,0.008165965956337605,1.0417
2024-11-17,1.0417,1.0713,1.0728,1.0496,-1.65,1.0541,1.0718,1.0834,1.07504,1.0906600000000002,1.0935700000000002,0.012948474813662946,1.0575
2024-11-24,1.0575,1.0535,1.0611,1.0334,-1.18,1.0417,1.0541,1.0718,1.06606,1.0840699999999999,1.091475,0.017644914281459746,1.0568
2024-12-01,1.0568,1.0448,1.0598,1.0425,1.52,1.0575,1.0417,1.0541,1.0617,1.0782,1.08982,0.016188730648202868,1.0502
2024-12-08,1.0502,1.0577,1.0631,1.046,-0.07,1.0568,1.0575,1.0417,1.05638,1.07225,1.0882749999999999,0.010722732860612767,1.0429
2024-12-15,1.0429,1.0563,1.0595,1.0453,-0.62,1.0502,1.0568,1.0575,1.0520600000000002,1.06751,1.0865,0.006461656134464706,1.0427
2024-12-22,1.0427,1.0497,1.0535,1.0343,-0.7,1.0429,1.0502,1.0568,1.04982,1.06243,1.0841049999999999,0.007444259533363046,1.0308
2024-12-29,1.0308,1.0425,1.0446,1.0383,-0.02,1.0427,1.0429,1.0502,1.05002,1.05804,1.0816599999999998,0.007180320327120995,1.0244
2025-01-05,1.0244,1.0433,1.0459,1.0225,-1.14,1.0308,1.0427,1.0429,1.04468,1.05319,1.07806,0.009709634390648722,1.0271
2025-01-12,1.0271,1.0303,1.0438,1.0216,-0.62,1.0244,1.0308,1.0427,1.0382,1.0472899999999998,1.07333,0.010386770431663117,1.0493
2025-01-19,1.0493,1.0241,1.0355,1.0178,0.26,1.0271,1.0244,1.0308,1.03358,1.04282,1.06945,0.008718199355375754,1.0362
2025-01-26,1.0362,1.0276,1.0523,1.0266,2.16,1.0493,1.0271,1.0244,1.03486,1.0423399999999998,1.0665,0.010678155271397462,1.0327
2025-02-02,1.0327,1.0486,1.0534,1.035,-1.25,1.0362,1.0493,1.0271,1.03356,1.04179,1.0629300000000002,0.0098485024242305,1.0491
2025-02-09,1.0491,1.0288,1.0444,1.0146,-0.34,1.0327,1.0362,1.0493,1.0339399999999999,1.03931,1.0587550000000001,0.009751563977130742,1.0458
2025-02-16,1.0458,1.0324,1.0515,1.028,1.59,1.0491,1.0327,1.0362,1.03888,1.03854,1.055395,0.009964537119207908,1.0375
2025-02-23,1.0375,1.0489,1.0507,1.0401,-0.31,1.0458,1.0491,1.0327,1.0426199999999999,1.0381,1.052805,0.00768680687932717,1.0832
2025-03-02,1.0832,1.0493,1.0529,1.036,-0.79,1.0375,1.0458,1.0491,1.04026,1.0375599999999998,1.049995,0.006893692769486615,1.0879
2025-03-09,1.0879,1.0382,1.089,1.0381,4.4,1.0832,1.0375,1.0458,1.04966,1.04161,1.049825,0.019847241621950167,1.0814
2025-03-16,1.0814,1.0835,1.0947,1.0805,0.43,1.0879,1.0832,1.0375,1.0607,1.04732,1.0502550000000002,0.02313493030030718,1.0827
2025-03-23,1.0827,1.0877,1.0956,1.0797,-0.6,1.0814,1.0879,1.0832,1.0671599999999999,1.05302,1.050155,0.023591163599959816,1.0955
2025-03-30,1.0955,1.0808,1.0859,1.0732,0.12,1.0827,1.0814,1.0879,1.07454,1.0585799999999999,1.0507,0.02085121099600852,1.1361
2025-04-06,1.1361,1.0822,1.1146,1.0778,1.18,1.0955,1.0827,1.0814,1.0861399999999999,1.0632,1.05277,0.0057803979101840606,1.1393
2025-04-13,1.1393,1.0946,1.1475,1.0883,3.71,1.1361,1.0955,1.0827,1.09672,1.0731899999999999,1.05749,0.022700925091283235,1.1365
2025-04-20,1.1365,1.1313,1.1425,1.1264,0.28,1.1393,1.1361,1.0955,1.1069999999999998,1.0838500000000002,1.06158,0.02858408648181792,1.1296
2025-04-27,1.1296,1.1385,1.1574,1.1308,-0.25,1.1365,1.1393,1.1361,1.11802,1.09259,1.0655649999999999,0.02681365323860287,1.1248
2025-05-04,1.1248,1.1375,1.1425,1.1266,-0.61,1.1296,1.1365,1.1393,1.1274000000000002,1.10097,1.069535,0.01818350901229001,1.1164
2025-05-11,1.1164,1.1319,1.1382,1.1196,-0.42,1.1248,1.1296,1.1365,1.1332600000000002,1.1097000000000001,1.07363,0.005916333323945464,1.1365
2025-05-18,1.1365,1.1219,1.1266,1.1065,-0.75,1.1164,1.1248,1.1296,1.1293199999999999,1.1130200000000001,1.077315,0.009200380426918672,1.1348
2025-05-25,1.1348,1.117,1.1376,1.117,1.8,1.1365,1.1164,1.1248,1.1287600000000002,1.11788,1.0826,0.008499588225321772,1.1395
2025-06-01,1.1395,1.1366,1.1419,1.121,-0.15,1.1348,1.1365,1.1164,1.1284200000000002,1.12322,1.08812,0.008138918847121436,1.1553
2025-06-08,1.1553,1.1343,1.1496,1.1343,0.41,1.1395,1.1348,1.1365,1.1304000000000003,1.1289,1.09374,0.00957522845680598,1.1523
2025-06-15,1.1523,1.14,1.1632,1.1373,1.39,1.1553,1.1395,1.1348,1.1365,1.13488,1.09904,0.013868489463529279,1.172
2025-06-22,1.172,1.1537,1.1615,1.1446,-0.26,1.1523,1.1553,1.1395,1.1436800000000003,1.1365,1.104845,0.00944997354493751,1.1779
2025-06-29,1.1779,1.1481,1.1755,1.1452,1.71,1.172,1.1523,1.1553,1.15078,1.13977,1.1118099999999997,0.01462555981834593,1.169
2025-07-06,1.169,1.172,1.1831,1.1705,0.5,1.1779,1.172,1.1523,1.1594,1.14391,1.11825,0.015526107045876415,1.1626
2025-07-13,1.1626,1.1779,1.1791,1.1662,-0.76,1.169,1.1779,1.172,1.1653,1.14785,1.12441,0.011026558846712482,1.1742
2025-07-20,1.1742,1.1682,1.1722,1.1557,-0.55,1.1626,1.169,1.1779,1.16676,1.15163,1.130665,0.00978483520556239,1.1586
2025-07-27,1.1586,1.1627,1.179,1.1614,1.0,1.1742,1.1626,1.169,1.1711399999999998,1.15741,1.135215,0.005773040793205446,1.164
2025-08-03,1.164,1.1748,1.1773,1.1391,-1.33,1.1586,1.1742,1.1626,1.16846,1.15962,1.13875,0.00796730820290094,1.1698
2025-08-10,1.1698,1.1578,1.17,1.1527,0.47,1.164,1.1586,1.1742,1.16568,1.1625400000000001,1.1428800000000001,0.006042516032251096,1.1717
2025-08-17,1.1717,1.1642,1.1731,1.159,0.5,1.1698,1.164,1.1586,1.16584,1.16557,1.147235,0.006161817913571571,1.1686
2025-08-24,1.1686,1.1694,1.1744,1.1583,0.16,1.1717,1.1698,1.164,1.1676600000000001,1.16721,1.151045,0.006307772982599536,1.1719
2025-08-31,1.1719,1.1717,1.1729,1.1574,-0.26,1.1686,1.1717,1.1698,1.16654,1.1688399999999999,1.15267,0.0052676370414078705,1.1734
2025-09-07,1.1734,1.1686,1.1761,1.1608,0.28,1.1719,1.1686,1.1717,1.1692,1.1688300000000003,1.1542999999999999,0.003213253802614217,1.1746
2025-09-14,1.1746,1.1719,1.178,1.1663,0.13,1.1734,1.1719,1.1686,1.1710800000000001,1.16838,1.156145,0.0018860010604495063,1.1702
2025-09-21,1.1702,1.1734,1.1919,1.1716,0.1,1.1746,1.1734,1.1719,1.17204,1.1689399999999999,1.158395,0.002256767599913202,1.1743
2025-09-28,1.1743,1.1746,1.182,1.1646,-0.37,1.1702,1.1746,1.1734,1.17174,1.1697,1.160665,0.0024079036525612336,1.162
2025-10-05,1.162,1.1702,1.1779,1.1683,0.35,1.1743,1.1702,1.1746,1.17288,1.16971,1.16356,0.001829480800669735,1.1652
2025-10-12,1.1652,1.1743,1.1743,1.1542,-1.05,1.162,1.1743,1.1702,1.1709,1.1700499999999998,1.164835,0.0052725705305872025,1.1626
2025-10-19,1.1626,1.162,1.1729,1.1542,0.28,1.1652,1.162,1.1743,1.16926,1.17017,1.166355,0.005567584754632328,1.1536
2025-10-26,1.1536,1.1663,1.1677,1.1577,-0.22,1.1626,1.1652,1.162,1.16686,1.16945,1.16751,0.00526858614810569,1.1566
2025-11-02,1.1566,1.1626,1.1669,1.1521,-0.77,1.1536,1.1626,1.1652,1.1635399999999998,1.16764,1.167425,0.007426169941497963,1.1621
2025-11-09,1.1621,1.1536,1.1591,1.1469,0.26,1.1566,1.1536,1.1626,1.16,1.1664400000000001,1.16764,0.004751841748207192,1.1513
2025-11-16,1.1513,1.1566,1.1656,1.154,0.48,1.1621,1.1566,1.1536,1.16002,1.16546,1.1671449999999999,0.0047625623355505645,1.1596
2025-11-23,1.1596,1.1621,1.1626,1.149,-0.93,1.1513,1.1621,1.1566,1.1572399999999998,1.1632500000000001,1.165815,0.005032196339572041,1.1643
2025-11-30,1.1643,1.1513,1.1614,1.1502,0.72,1.1596,1.1513,1.1621,1.15664,1.16175,1.1653449999999999,0.004368409321480907,1.174
2025-12-07,1.174,1.1596,1.1683,1.1589,0.41,1.1643,1.1596,1.1513,1.15878,1.1611600000000002,1.16543,0.005071193153489886,1.171
2025-12-14,1.171,1.1645,1.1763,1.1615,0.83,1.174,1.1643,1.1596,1.16226,1.16113,1.16542,0.008203840564028878,1.1772
2025-12-21,1.1772,1.1739,1.1804,1.1702,-0.26,1.171,1.174,1.1643,1.16404,1.1620300000000001,1.16604,0.009079262084553293,1.172
2025-12-28,1.172,1.1713,1.1809,1.1705,0.53,1.1772,1.171,1.174,1.16922,1.16323,1.1667,0.007184149218940971,1.1638
2026-01-04,1.1638,1.1771,1.1789,1.1713,-0.44,1.172,1.1772,1.171,1.1717,1.16417,1.16681,0.004766550115126415,1.1599
2026-01-11,1.1599,1.1724,1.1744,1.1618,-0.7,1.1638,1.172,1.1772,1.1716000000000002,1.16519,1.166415,0.004961854492023257,1.1828
2026-01-18,1.1828,1.1635,1.1698,1.1584,-0.34,1.1599,1.1638,1.172,1.16878,1.16552,1.16598,0.00688926701471288,1.185
2026-01-25,1.185,1.1584,1.1834,1.1572,1.97,1.1828,1.1599,1.1638,1.17114,1.1675900000000001,1.166525,0.009402552844840184,1.1817
2026-02-01,1.1817,1.1833,1.2079,1.1833,0.19,1.185,1.1828,1.1599,1.1726999999999999,1.17096,1.1671049999999998,0.011144954015159188,1.1869
2026-02-08,1.1869,1.1856,1.1875,1.1765,-0.28,1.1817,1.185,1.1828,1.17464,1.17317,1.16746,0.011816640808622948,1.1782
2026-02-15,1.1782,1.1817,1.1929,1.1809,0.44,1.1869,1.1817,1.185,1.17926,1.17543,1.168295,0.011006952348402986,1.1814
2026-02-22,1.1814,1.1869,1.1877,1.1742,-0.73,1.1782,1.1869,1.1817,1.18292,1.17585,1.16849,0.003314664387236489,1.1618
2026-03-01,1.1618,1.1785,1.1836,1.1766,0.27,1.1814,1.1782,1.1869,1.18264,1.17689,1.16946,0.003385705244112931,1.1416
2026-03-08,1.1416,1.1791,1.18,1.153,-1.66,1.1618,1.1814,1.1782,1.1780000000000002,1.17535,1.16929,0.00957783900470315,1.1571
2026-03-15,1.1571,1.1569,1.1669,1.1411,-1.74,1.1416,1.1618,1.1814,1.16998,1.17231,1.16824,0.01841607993032206,1.151
2026-03-22,1.151,1.1414,1.1616,1.1412,1.36,1.1571,1.1416,1.1618,1.16402,1.17164,1.168415,0.016268128349629103,1.1517
2026-03-29,1.1517,1.1542,1.164,1.1484,-0.53,1.151,1.1571,1.1416,1.15858,1.17075,1.168135,0.014824709103385503,1.172
